Matches,MatchesSplit,counts
CHINA,CHINA STATE SHIPBUILDING CORPORATION LIMITED,41
CHINA,CHINA HAOKUN ENERGY LIMITED,3
CHINA,CHINA COMMUNICATIONS CONSTRUCTION COMPANY LIMITED,26
CHINA,"CHINA 49 GROUP CO., LIMITED",5
CHINA,CEIEC,4
CHINA,CHINA GENERAL NUCLEAR POWER CORPORATION,28
THE,BM BANK PUBLIC JOINT STOCK COMPANY,11
CHINA,HONGYUAN MARINE CO LTD,1
BANK,CHEIL CREDIT BANK,423
CHINA,ESAIL SHIPPING LIMITED,53
BANK,BANK TORGOVOY KAPITAL ZAO,428
BANK,AYANDEH BANK,73
BANK,BANCO CORPORATIVO SA,390
CHINA,"DANDONG JINXIANG TRADE CO., LTD.",51
CHINA,CHINA CONCORD PETROLEUM CO LIMITED,1
CHINA,ANHUI LAND GROUP CO LIMITED,1
BANK,HAVIN BANK LIMITED,854
BANK,"IS BANK, AO",1169
BANK,Intercontinental Bank Plc,579
BANK,BANK SADERAT PLC,2272
BANK,BANK SADERAT IRAN,3683
BANK,BANK DABRABYT JOINT STOCK COMPANY,3
BANK,MELLI BANK PLC,1182
BANK,BM BANK JSC,12
BANK,BANK SEPAH INTERNATIONAL PLC,514
AFRICA,AFRICA REMITTANCE COMPANY LLC,416
AFRICA,AICO Africa Limited,416
BANK,BANK MELLI IRAN,1466
BANK,STATE CORPORATION BANK FOR DEVELOPMENT AND FOREIGN ECONOMIC AFFAIRS VNESHECONOMBANK,156
NIGERIA,GRASPAND NIGERIA LIMITED,181
NIGERIA,Nua Nigeria Ltd.,181
NIGERIA,STALLIONAIRE NIGERIA LIMITED,181
NIGERIA,Celetrans Nigeria Limited,187
NIGERIA,Africhem Nigeria Ltd,181
FIRST,WorldFirst,78
NIGERIA,Fenog Nigeria Ltd,181
NIGERIA,Banrut Nigeria Ltd.,181
NIGERIA,Kupex Nigeria Limited,180
NIGERIA,RUN NIGERIA LTD,181
FIRST,DAWNLIGHT,159
BANK,BANK-E SHAHR,44
MONUMENT,EXPORT DEVELOPMENT BANK OF IRAN,286
NIGERIA,Nigeria National Petroleum Corp,145
UNITED,VTB BANK GEORGIA JOINT STOCK COMPANY,248
SHIPPING,Lynx Shipping Ltd,84
SHIPPING,Equinox Shipping Ltd,84
SHIPPING,SC SOUTH LLC,95
SHIPPING,SYRIAN SHIPPING AGENCIES COMPANY,106
SHIPPING,ISLAMIC REPUBLIC OF IRAN SHIPPING LINES,173
SHIPPING,IMPIRE SHIPPING COMPANY,54
SHIPPING,MERSAD SHIPPING COMPANY LIMITED,3
SHIPPING,SINA SHIPPING COMPANY LIMITED,3
SHIPPING,BUSHEHR SHIPPING COMPANY LIMITED,40
SHIPPING,HADI SHIPPING COMPANY LIMITED,1
SHIPPING,DANESH SHIPPING COMPANY LIMITED,1
SHIPPING,HODA SHIPPING COMPANY LIMITED,1
SHIPPING,NOBLE SHIPPING COMPANY LIMITED,33
SHIPPING,GOORYONG SHIPPING CO LTD,1
SHIPPING,HOERYONG SHIPPING CO LTD,1
HONG,SMIC HONG KONG INTERNATIONAL COMPANY LIMITED,175
HONG,HONG KONG INTERTRADE COMPANY,178
HONG,CLOUDMINDS (HONG KONG) LIMITED,168
HONG,WORLDCO LIMITED (HONG KONG),167
DE,JUAREZ CARTEL,573
HONG,HONG KONG ELECTRONICS,173
HONG,"SMARTCOM (HONG KONG) CO., LIMITED",159
HONG,HONG KONG ENGY TECHNOLOGY CO.,159
HONG,LEADER (HONG KONG) INTERNATIONAL TRADING LIMITED,158
HONG,HUAWEI CLOUD HONG KONG,154
HONG,MAINWAY INTERNATIONAL (HONG KONG),178
HONG,K LOGISTICS (CHINA) LIMITED,131
TRADING,KOREA DAESONG GENERAL TRADING CORPORATION,11
HONG,HSJ ELECTRONICS,135
HONG,JIAXIANG INDUSTRY HONG KONG LIMITED,139
HONG,TAIHE ELECTRIC (HONG KONG) LIMITED,176
HONG,ANVIK TECHNOLOGIES SDN. BHD.,114
HONG,Hong Kong Huanxing Industrial Co. Ltd.,99
HONG,HONG KONG FUNG TAK ENTERPRISE,76
HONG,HONGXIANG MARINE HONG KONG LTD,65
CHINA,CHINA XINSHIDAI COMPANY,105
CHINA,CHINA VOLANT INDUSTRY CO LTD,3
CHINA,"CHINA STATE SHIPBUILDING CORPORATION, LIMITED (CSSC) 7TH RESEARCH ACADEMY",3
BANK,PUBLIC JOINT STOCK COMPANY BANK FINANCIAL CORPORATION OTKRITIE,544
EQUIPMENT,Wetland Equipment Company Inc,9
CHINA,CHINA JIUYUAN TRADING CORPORATION,3
CHINA,CHINA SHIPBUILDING INDUSTRY CORPORATION (CSIC),2
CHINA,XINGHE XINGYONG CARBON CO LTD,2
OF,PRC LODE TECHNOLOGY COMPANY,11
BANK,KUMGANG BANK,27
METAL,TALA,52
BABA,Arif QASMANI,12
SHIPPING,KUNLUN SHIPPING COMPANY LIMITED,36
SHIPPING,HUAXIN SHIPPING HONGKONG LTD,35
SHIPPING,DELIGHT SHIPPING COMPANY LIMITED,34
SHIPPING,LIBERTY SHIPPING CO LTD,30
SHIPPING,SUPREME SHIPPING COMPANY LIMITED,22
SHIPPING,GRACIOUS SHIPPING COMPANY LIMITED,26
BANK,SINA BANK,56
CHASE,CHASE TRUST BANK,41
NIGERIA,Blue Chapel Nigeria Ltd,119
NIGERIA,RAPID TRADES NIGERIA LIMITED,113
NIGERIA,Rapid Trades Nigeria Ltd.,109
NIGERIA,Sea Shell Nigeria Ltd.,109
NIGERIA,Septa Energy Nigeria Limited,114
NIGERIA,O-Secul Nigeria Limited,91
NIGERIA,Adland Projects Nigeria Ltd.,78
NIGERIA,Go-Up Nigeria Limited,66
NIGERIA,GUILIN PHARMACEUTICALS NIGERIA LIMITED,45
IN,ISIS IN THE GREATER SAHARA,263
MSC,ESFAHAN'S MOBARAKEH STEEL COMPANY,65
SAME,MIDDLE EAST SAMAN CHEMICAL COMPANY,30
IN,MUJAHIDIN SHURA COUNCIL IN THE ENVIRONS OF JERUSALEM,6
BANK,ATLANTIC BANK LTD,287
BANK,EFFEX BANK NA,242
BANK,ARAB BANK PLC,194
MASTER,TRIPLE SUCCESS,11
BANK,BANK TEJARAT,451
INNIGERIA,FESCO MAGADAN,211
OCEAN,BALTIC LEADER,102
FOR,YUK TUNG,2
D,LADY D,84
ARABIA,AURA,80
USA,ISLAMIC AFRICAN RELIEF AGENCY,9
SECOND,SEGUNDA MARQUETALIA,709
INTERNATIONAL,International Tradelogistics Pte Ltd.,55
PARTY,HIZBALLAH,615
INTERNATIONAL,"Unionpay International Co.,Ltd",37
INTERNATIONAL,Mankell International Co.,51
INTERNATIONAL,CI International Co. Ltd.,25
INTERNATIONAL,SAAFARTEX ZONA FRANCA SAS,4
INTERNATIONAL,Bara Intl. Co. Ltd.,33
INTERNATIONAL,Parabola International Corporation,55
INTERNATIONAL,Robvic International limited,55
INTERNATIONAL,Geotes International (SL) Ltd.,38
INTERNATIONAL,Heron Intl. Inc.,52
INTERNATIONAL,APS International Ltd,55
MUSA,Seka Musa BALUKU,8
OFFSHORE,PETRAQ OFFSHORE LTD,16
BANK,HEKMAT IRANIAN BANK,133
OFFSHORE,STARS COMMUNICATIONS OFFSHORE SAL,16
BANK,ARIAN BANK,142
DCB,DAEDONG CREDIT BANK,65
CO,ACTEAM LOGISTICS LTD.,267
CO,TEX-CO LOGISTICS LTD.,24
BANK,JOINT STOCK COMPANY BLACK SEA BANK OF DEVELOPMENT AND RECONSTRUCTION,426
TECHNOLOGY,"SHENZHEN COBBER INFORMATION TECHNOLOGY CO., LTD.",41
TECHNOLOGY,LEON TECHNOLOGY COMPANY LIMITED,15
TECHNOLOGY,Technology Distributions Ltd,20
TECHNOLOGY,MEGVII TECHNOLOGY LIMITED,15
TECHNOLOGY,"CLOUDWALK TECHNOLOGY CO., LTD.",15
TECHNOLOGY,"NAZ TECHNOLOGY CO., LTD.",19
TECHNOLOGY,"KYLAND TECHNOLOGY CO., LTD.",5
TECHNOLOGY,SKY RISE TECHNOLOGY LTD,5
TECHNOLOGY,COMTEL TECHNOLOGY LIMITED,11
TECHNOLOGY,SENSENETS,5
TECHNOLOGY,FOANG TECH INC,6
TECHNOLOGY,Sigma Technology Inc,9
TECHNOLOGY,"SUNWAY TECH CO., LTD",12
TRF,LASHKAR E-TAYYIBA,54
OFF-SHORE,BARLY OFF-SHORE,1
OFF-SHORE,LANDMETICS SAL OFF-SHORE,1
VALUE,HASNA,48
LINE,"REACH SHIPPING LINES HONG KONG CO., LIMITED",48
TO,GOLD STAR 3,303
TECHNOLOGY,"BEIJING CLOUDMIND TECHNOLOGY CO., LTD.",10
SERVICES,Impecca Services Limited,42
SERVICES,VINAUDREY SERVICES LIMITED,42
SERVICES,FECINTY SERVICES LIMITED,42
SERVICES,BUREY SERVICES LIMITED,42
SERVICES,Intransaction Services LLC,42
SERVICES,PETROWEST SERVICES SA,42
COMMERCIAL,JOINT STOCK COMMERCIAL BANK RUBLEV,1192
NEW,NEW REGENT,182
TRADING,Commercial Trading and Services Limited,24
NIGERIA,Skill G Nigeria Ltd,39
INTERNATIONAL,Dato International Ltd.,52
INTERNATIONAL,Dumas International Limited,51
INTERNATIONAL,JPROS International Limited,51
INTERNATIONAL,Marcossy Intl. Ltd.,51
INTERNATIONAL,Skymaster International Limited,51
INTERNATIONAL,Napcy Intl. Ltd.,48
INTERNATIONAL,Sumire International Ltd.,47
INTERNATIONAL,Oceaneering International Inc.,47
INTERNATIONAL,Collabora Intl LLC,47
INTERNATIONAL,INTERNATIONAL TANKER LIMITED,23
I,Yi LI,14
BANK,BANK BELVEB OJSC,368
BANK,BANK NATIONAL FACTORING COMPANY JOINT STOCK COMPANY,368
BANK,VTB BANK PUBLIC JOINT STOCK COMPANY,450
BANK,IFT BANK NA,39
BANK,OCCIDENTAL BANK LIMITED,314
BANK,SAVING BANK,162
HUAWEI TECHNOLOGIES COMPANY LIMITED,"HUAWEI TECHNOLOGIES CO., LTD.",10
HUAWEI TECHNOLOGIES COMPANY LIMITED,"HUAWEI TECHNOLOGIES SERVICE CO., LTD.",3
HUAWEI TECHNOLOGIES COMPANY LIMITED,HUAWEI TECH. INVESTMENT CO.,4
HUAWEI TECHNOLOGIES COMPANY LIMITED,"HUAWEI SOFTWARE TECHNOLOGIES CO., LTD.",3
HUAWEI TECHNOLOGIES COMPANY LIMITED,"SHANGHAI HUAWEI TECHNOLOGIES CO., LTD.",4
HUAWEI TECHNOLOGIES COMPANY LIMITED,"CHENGDU HUAWEI TECHNOLOGIES CO., LTD.",3
HUAWEI TECHNOLOGIES COMPANY LIMITED,"XI'AN HUAWEI TECHNOLOGIES CO., LTD.",3
COMMERCIAL,Nile Commercial Bank,529
HUAWEI TECHNOLOGIES COMPANY LIMITED,HUAWEI TECHNOLOGIES (VIETNAM) COMPANY LIMITED,3
HUAWEI TECHNOLOGIES COMPANY LIMITED,"HUAWEI TECHNOLOGIES ROMANIA CO., LTD.",3
HUAWEI TECHNOLOGIES COMPANY LIMITED,"HUAWEI TECHNOLOGIES CANADA CO., LTD.",3
HUAWEI TECHNOLOGIES COMPANY LIMITED,"HUAWEI TECH. INVESTMENT CO., LIMITED",3
HUAWEI TECHNOLOGIES COMPANY LIMITED,HUAWEI TECHNOLOGIES JAMAICA COMPANY LIMITED,3
HUAWEI TECHNOLOGIES COMPANY LIMITED,"HUAWEI TECHNOLOGIES (UK) CO., LTD.",58
HUAWEI TECHNOLOGIES COMPANY LIMITED,"HUAWEI TECHNOLOGIES (YANGON) CO., LTD.",3
HUAWEI TECHNOLOGIES COMPANY LIMITED,"HUAWEI TECH INVESTMENT CO., LTD. ARGENTINA",3
COMMERCIAL,PUBLIC JOINT-STOCK COMPANY COMMERCIAL BANK 'SPUTNIK',535
TRADE,Hydrahead Trade Services,330
TRADE,Infotech Trade Services Limited,351
TO,SOUTH HILL 2,10
OF,ONE CLASS PROPERTIES (PTY) LTD,19
OF,ONE VISION INVESTMENTS 5 (PTY) LTD,26
OF,DESTINY,20
OF,SILVIA I,21
OF,ADRIAN DARYA 1,21
IN,JIN HYE,32
OF,SHAYAN 1,16
OF,SONIA I,16
OF,AMAPOLA 1,15
OF,RYE SONG GANG 1,14
OF,NOOR 1,12
OF,ARGO I,12
THE,THAE PYONG SAN,10
OF,ABTIN 1,11
JAT,JEMMAH ANSHORUT TAUHID,127
HONG,"HUAWEI DEVICE (HONG KONG) CO., LIMITED",27
MALIK,Fritz Martin GELOWICZ,3
MIDDLE EAST BANK,KHAVARMIANEH BANK,452
TRADING,SIRJANCO TRADING L.L.C.,18
TRADING,DANOUSH TRADING COMPANY,6
TRADING,PIRICAS TRADING COMPANY,6
TRADING,MAHROUS TRADING FZE,6
TRADING,MABROOKA TRADING CO LLC,6
TRADING,AJAB TRADING CO LLC,6
TRADING,AL FOULK TRADING CO. L.L.C,4
TRADING,PETROCHEMICAL COMMERCIAL COMPANY INTERNATIONAL,12
TRADING,AYDAH TRADING LLC,6
TRADING,ALAMO TRADING S.A.,27
TRADING,Auto Trading Co.,66
TRADING,GBS TRADING S.A.,27
TRADING,CANDID GENERAL TRADING LLC,6
TRADING,CORPORACION ACS TRADING S.A.S.,27
TRADING,Caine Trading Corp,68
TRADING,Vansun Trading Ltd.,68
SIERRA,SIERRA,54
AHMED,Mohamed Mohamed Abdullah AL-AHDAL,670
SHENZHEN,SEMICONDUCTOR MANUFACTURING INTERNATIONAL (SHENZHEN) CORPORATION,1
AHMED,Zaini ZAKARIA,673
SHENZHEN,INTELLIFUSION,1
SHENZHEN,"SHENZHEN SMARTCOM BUSINESS CO., LTD.",3
SHENZHEN,SHENZHEN RION TECHNOLOGY,2
SHENZHEN,"SHENZHEN IPROGIFT TECHNOLOGY CO., LTD",1
SHENZHEN,SHENZHEN HISILICON TECHNOLOGIES CO.,4
SHENZHEN,TENCO TECHNOLOGY COMPANY LTD,16
SHENZHEN,"SHENZHEN LEGRIT TECHNOLOGY CO., LTD.",1
SHENZHEN,NINEHEAD BIRD SEMICONDUCTOR,2
SHENZHEN,HUI TONG BUSINESS LTD.,3
SHENZHEN,"SHENZHEN HUAWEI TECHNICAL SERVICES CO., LTD.",1
SHENZHEN,SHENZHEN RICH TRADE CO,34
SHENZHEN,Shenzhen Kedeli Industry Co. Ltd.,9
SHENZHEN,"HUAWEI DEVICE (SHENZHEN) CO., LTD.",1
SHENZHEN,QING'AN INTERNATIONAL TRADING GROUP,1
SHENZHEN,"HUAWEI TERMINAL (SHENZHEN) CO., LTD.",1
VICTORIA,Cuba,1206
VICTORIA,LADY RANIA,1203
THE,Victor Julio PATINO FOMEQUE,26
SETTLEMENT,ELEMENTO LIMITED,2
TWENTY-ONE,21ST Century Technologies Limited,9
INDUSTRY,JNS Industry Corp. Ltd.,70
NIGERIA,REVIVAL OF ISLAMIC HERITAGE SOCIETY,245
SHIPPING,IRANO MISR SHIPPING COMPANY,39
SHIPPING,KOREAN POLISH SHPG CO LTD,35
SHIPPING,AG YILDIZ INSAAT GAYRIMENKUL TASIMACILIK PAZARLAMA LTHALAT IHRACAT VE TICARET LTD. SIRKETI,50
CONSULTING,ARCH CONSULTING,4
SHIPPING,MYOHYANG SHIPPING CO,33
INDUSTRY,"PROMA INDUSTRY CO., LTD.",17
LTE,LIBERATION TIGERS OF TAMIL EELAM,1
OF,PEGASUS 88 LIMITED,1
ZTE CORPORATION,ZTE PARSIAN,1
INTERNATIONAL,Avishkar International PVT Ltd.,25
AIR,AL-NASER AIRLINES,6
HK,ZDAS (HK) COMPANY,10
MUHAMMED,Dinno Amor Rosalejos PAREJA,35
HK,YERAZ LTD,8
HK,HK ZY MOTORCYCLE CO LTD,10
HK,JADESHINE ENGINEERING (HK) CO.,6
HK,"JCN (HK) TECHNOLOGY CO., LTD.",7
LED,Russia,81
ATLANTIC,ATLANTIC,316
BRIGHT,BRIGHT,33
TRADE,Trade Technologies Inc,50
TRADE,SEALOCEAN TRADE CO.,47
TRADE,ABU TRADE LLC,49
DE,LA OFICINA DE ENVIGADO,96
DE,LA TIENDA DE MINGO,18
TRADE,"DANDONG XIANGHE TRADING CO., LTD.",50
TRADE,KOREA RUNGRADO GENERAL TRADING CORPORATION,52
CO,NAFTIRAN INTERTRADE CO. (NICO) LIMITED,41
TRADE,SKY TRADE COMPANY,15
TRADE,UNICUM TRADE OY,13
TRADE,OOO ROBIN TREID,7
TRADE,ROBIN TRADE LIMITED,7
DE,INDUSTRIAS DEL ESPIRITU SANTO S.A.,18
TRADE,BULLET TRADE OOD,4
TRADE,BEIRUT TRADE SAL,4
CUST,CHINESE ACADEMY OF ENGINEERING PHYSICS,6
BKI,BABBAR KHALSA INTERNATIONAL,8
IS,ISIS-BANGLADESH,143
NIG,Kizmax Nig. Ltd.,33
NIG,Osico Nig. Ltd.,33
NIG,VITACHEM NIG LTD,33
FINANCIAL,Reliance Financial Services Ltd,20
FINANCIAL,Karliliu Financial Services Ltd,18
FINANCIAL,Jula Financial Services Ltd,12
FINANCIAL,Jupiter Financial Services Ltd,1
FINANCIAL,Bayba Financial Services Ltd,1
AFRICA,BANCO VTB AFRICA SA,174
CENTRAL,CENTRAL BANK OF THE DEMOCRATIC PEOPLE'S REPUBLIC OF KOREA,53
CENTRAL,BANK MARKAZI JOMHOURI ISLAMI IRAN,52
BANK,BANK OF MOSCOW,189
CENTRAL,CENTRAL BANK OF SYRIA,52
SOLUTIONS,ITEC Solutions Ltd,28
SOLUTIONS,SOLUTIONS ENGINEERING PVT. LTD.,29
ABOVE,STARK I,153
THE,ASA'IB AHL AL-HAQ,9
SOLUTIONS,FLUTTERWAVE TECHNOLOGY SOLUTIONS LIMITED,17
SOLUTIONS,ELEMENTO SOLUTIONS LIMITED,17
SOLUTIONS,JOINT STOCK COMPANY RASCHETNIYE RESHENIYA,17
AFRICA,Holland Africa Trading Limited,150
SOON,YU SON,176
THE,AUM SHINRIKYO,2
FIRST,FIRST NATIONAL BANK,43
DIVISIONS,AL-ZAWRA TELEVISION STATION,18
NATIONAL,BANCO NACIONAL DE CUBA,73
FIRST,FIRST NATIONAL BANK OF ROTAN,18
NATIONAL,NATIONAL BANK AND TRUST,68
SOUTH,HUAWEI CLOUD SOUTH AFRICA,39
NATIONAL,ISLAMIC NATIONAL BANK OF GAZA,77
FIRST,FIRST NATIONAL BANK OF BEDROCK,15
SOUTH,HUAWEI TECHNOLOGIES SOUTH AFRICA PTY LTD.,35
TO,MSN 550,46
TWO,M23,1
A,Riad HIJAZI,63
YOUR,VTK LTD,10
TO,YU JONG 2,265
TWO,GP-23,1
TO,VICTORY 2,43
TO,SAM MA 2,19
TO,PROGRES,24
TO,FSB CRIMINALISTICS INSTITUTE,21
OF,MARGARITA 1,5
OF,TABAN 1,3
SHOUGUANG,CARIBO,14
NEW,JI SONG 8,102
INDUSTRY,Akebono Industrial Co.,69
INDUSTRY,"PEAKVIEW INDUSTRY CO., LIMITED",19
INDUSTRY,PARDAZAN SYSTEM NAMAD ARMAN,6
INDUSTRY,DAEWON INDUSTRIES,4
INDUSTRY,"SOLTECH INDUSTRY CO., LTD.",129
INDUSTRY,KARAT INDUSTRY CO LTD,9
INDUSTRY,SINOTECH INDUSTRY CO LTD,18
INDUSTRY,Nulec Industries Limited,69
INDUSTRY,Electrotrust Ind. Nig. Ltd.,46
INDUSTRY,LIMMT ECONOMIC AND TRADE COMPANY LTD,43
CHEMICAL,CHEMICAL INDUSTRIES & DEVELOPMENT OF MATERIALS GROUP,4
INDUSTRY,Olivine Industries (Private) Ltd,65
INDUSTRY,Elviandenia Industries Ltd.,66
INDUSTRY,MANDALLA INDUSTRIES LTD,66
TRADING,Oando Trading Ltd,67
TRADING,Triton Trading Ltd,66
TRADING,PINKY TRADING CO LTD,2
TRADING,JUSTO TRADING PTE LTD,59
TRADING,CHEDILE TRADING CO LIMITED,56
INVESTMENT,INVESTMENT BANK OF AUSTRIA,11
BANK,INDUSTRIAL BANK,127
INVESTMENT,INRESBANK OOO,11
UK,CUBANACAN U K LIMITED,74
UK,IRANIAN OIL COMPANY (U.K.) LIMITED,74
UK,PETROCHEMICAL COMMERCIAL COMPANY (U.K.) LIMITED,97
UK,CAPEREMIT UK LIMITED,74
UK,GABTRANS UK LIMITED,74
UK,OOO MANAGEMENT COMPANY BITRIVER,61
PANELSABSA,PAO ROSGOSSTRAKH BANK,27
OF,JOINT STOCK COMPANY 10 ORDENA TRUDOVOGO KRASNOGO ZNAMENI DOCKYARD,2
TRADING,IHAG TRADING GMBH,4
TRADING,IKCO TRADING GMBH,4
TRADING,AL HARAM FOREIGN EXCHANGE CO LTD,145
TRADING,ADJ TRADING LIMITED,25
TRADING,BEHRAN TRADING COMPANY,8
TRADING,PAEKSOL TRADING CORPORATION,5
TRADING,QUIANA TRADING LIMITED,1
TRADING,OVLAS TRADING SA,3
MELCOM,MELKOM,27
FINANCE,HIGHTRADE FINANCE LTD,33
ENGINEERING,WOLFSBURG ENGINEERING LTD,2
ENGINEERING,Keligh Engineering Corp,2
ENGINEERING,ENGINEERING CENTER LTD,2
ENGINEERING,ENGINEERING EQUIPMENT (PRIVATE) LIMITED,8
ENGINEERING,ENGINEERING SOLUTIONS PVT. LTD.,16
ENGINEERING,MCS ENGINEERING,4
ENGINEERING,VEB ENGINEERING LLC,2
ENGINEERING,Morpol Engineering Services Limited,26
ENGINEERING,LIMITED LIABILITY COMPANY BELINVEST-ENGINEERING,2
ENGINEERING,NICO ENGINEERING LIMITED,1
TEAM,ITSEC TEAM,15
ENGINEERING,KTK ENGINEERING (PVT) LTD,2
ENGINEERING,A W A ENGINEERING LIMITED,2
ENGINEERING,TECHNOTAR ENGINEERING COMPANY,2
ENGINEERING,SANOR ENGINEERING (NIGERIA) LIMITED,3
ENGINEERING,MIG ENGINEERING,2
ENGINEERING,NPV ENGINEERING OPEN JOINT STOCK COMPANY,1
ENGINEERING,TRV AUTO LIMITED LIABILITY COMPANY,1
ENGINEERING,YASA PART,2
WEST,ISIS-WEST AFRICA,3
SHIPPING,SINO ENERGY SHIPPING HONGKONG LIMITED,2
PETROCHEMICAL,IRAN PETROCHEMICAL COMMERCIAL COMPANY,27
INTERNATIONAL,Trisun Intl. Trading,7
INTERNATIONAL,Azam International Trading,7
OIL,THE ISLAMIC INTERNATIONAL BRIGADE,5
GROUP,Balli Group Plc,8
GROUP,OMNEX GROUP INC,8
GROUP,Amarya Group Inc,8
GROUP,IWC Group Inc,8
GROUP,GROUP GRAND LIMITED,8
GROUP,"GROUP GRAND LIMITED, S.A. DE C.V.",8
GROUP,AVIA GROUP LLC,8
GROUP,RADIANT GROUP OF COMPANIES,10
GROUP,ELLISSA GROUP SA,8
GROUP,MXBK GROUP SA DE CV,7
GROUP,Kunech Group of Companies Limited,10
GROUP,RAMOR GROUP,40
GROUP,LIMITED LIABILITY COMPANY BREMINO GROUP,1
GROUP,MEGA GROUP SRL,2
GROUP,DJECO GROUP LP,4
GROUP,PATCO GROUP LTD,6
GROUP,SYRISS,17
GROUP,Abernathy Capital Group LLC,2
ENERGY,Arcadia Energy LLC,7
ENERGY,Chrome Energy LLC,7
ENERGY,Nadabo Energy Limited,7
ENERGY,Hartlite Energy Ltd.,7
FREIGHT,CHONG BONG,45
ENERGY,NOVIN ENERGY COMPANY,7
ENERGY,Atlantic Energy Company Ltd.,9
ENERGY,Energy Resources Management Ltd,30
ENERGY,MILENYUM ENERGY SA,7
ENERGY,PETRO ENERGY INTERTRADE COMPANY,5
ENERGY,MERCURIA ENERGY TRADING SA,3
ENERGY,HAOKUN ENERGY GROUP COMPANY LIMITED,5
FOR,FOZ FOR TRADING,25
ENERGY,SAGE ENERGY HK LIMITED,3
TRAFIGURA,TRAFIGURA B.V,7
OIL,Ocean and Oil,4
OIL,Eternal Oil & Gas Plc,6
OIL,En Oil and Gas Limited,6
OIL,Ontario Oil & Gas Plc,6
OIL,Pamaron Oil and Gas Ltd,6
OIL,Falcon Oil and Gas Ltd,6
OIL,Malabu Oil & Gas Ltd,6
OIL,AMALEK OIL AND GAS LTD,6
OIL,Arnage Oil and Gas Ltd,6
OIL,CLOSED JOINT-STOCK COMPANY NEW OIL COMPANY,8
GENERAL,GENERAL PETROLEUM CORPORATION,6
OIL,KRAKERN LIMITED,7
BANK,TOURISM BANK,42
OIL,Nasaman Oil Services,4
OIL,Chrome Oil Services,4
MARINA,LADY MARIIA,36
KING,Ignacio CORONEL VILLAREAL,4
DEV,Vansun Development Company,9
ASS,GOODWILL CHARITABLE ORGANIZATION INC,7
DEV,PETROIRAN DEVELOPMENT COMPANY (PEDCO) LIMITED,26
DEV,SIMATIC DEVELOPMENT CO,9
NETWORKS,"HUAWEI MARINE NETWORKS CO., LTD.",4
DEV,ROZARO DEVELOPMENT LIMITED,9
DEV,Tropical Development USA LLC,10
DEV,TOVASE DEVELOPMENT CORP,9
DEV,"ROMDOUL DEVELOPMENT CO., LTD.",9
TRANSPORT,GULF TRANSPORT AND TRADING LIMITED,5
PORT,SINA PORT AND MARINE SERVICES DEVELOPMENT COMPANY,4
BUILDING,ACCENTURE BUILDING MATERIALS,2
GLOBAL,Global Allied Ltd,8
GLOBAL,Seawave Global Ltd.,5
GLOBAL,Fidecath Global Limited,5
GLOBAL,GLOBAL CLEANERS SARL,10
GLOBAL,PREMIER KIOSK GLOBAL SUPPLY CO.,10
GLOBAL,GLOBAL AGE LIMITED,5
GLOBAL,"GLOBAL STRUCTURE, S.A.",4
GLOBAL,GLOBAL ENERGY COMPANY S.A.S.,6
GLOBAL,GLOBAL INTERFACE COMPANY INC.,4
BANK,KARAFARIN BANK,166
TRADE,"SHANGHAI MOSSEL TRADE CO., LTD.",25
TRADE,"DANDONG ZHICHENG METALLIC MATERIAL CO., LTD.",24
TRADE,COSAILING BUSINESS TRADING COMPANY LIMITED,46
TRADE,"DANDONG TIANFU TRADE CO., LTD.",24
TRADE,"ZIBO ELIM TRADE COMPANY, LTD.",23
TRADE,DANDONG HONGDA TRADE CO. LTD.,23
TRADE,WEIHAI HUIJIANG TRADE LIMITED,23
TITAN,JOINT STOCK COMPANY FEDERAL SCIENTIFIC AND PRODUCTION CENTER TITAN BARRIKADY,18
TECH,NOVA TECHNOLOGIES,6
FAN,FEDERAL NEWS AGENCY LLC,9
TECH,KIDMA TECH OJSC,3
TRADING,OLUWA MBE TRADING COMPANY,10
LIMITED,MULTIMAT IC VE DIS TICARET PAZARLAMA LIMITED SIRKETI,13
TRADING,HESONG TRADING CORPORATION,27
ALUMINIUM,TIANJIN PHYTIUM INFORMATION TECHNOLOGY,5
COMPANY,SOUTH ALUMINUM COMPANY,6
EAST,ISIS-PHILIPPINES,8
"WING HANG BANK,LTD.",WING HANG BANK,9
ABA,AL-BUSTAN CHARITY,50
TRADING,Qingdao Services and Trading Co Limited,12
TRADING,ELECTRONICS KATRANGI TRADING,15
ELECTRICCO,"KINGLEAD ELECTRONICS CO., LTD.",31
TRADING,KOREA TANGUN TRADING CORPORATION,2
BANK,THE EXCELSIOR BANK,162
INTERNATIONAL,NIMR INTERNATIONAL S.R.L.,19
BANK,BANK OF EAST LAND,134
INTERNATIONAL,KENWOO INTERNATIONAL TRADE COMPANY,28
INTERNATIONAL,DOOSTAN INTERNATIONAL COMPANY,7
PROMOTIONOF,AL-QUDS INTERNATIONAL FOUNDATION,78
TECHNOLOGY,DAHUA TECHNOLOGY,9
TECHNOLOGY,KAIKAI TECHNOLOGY CO LTD,21
TECHNOLOGY,TANYUAN TECHNOLOGY CO. LTD.,10
TECHNOLOGY,YIXIN SCIENCE AND TECHNOLOGY CO. LTD.,10
TECHNOLOGY,NEDITEK,6
TECHNOLOGY,SHIJIAZHUANG DEVELOPMENT ZONE MAITEDA MICROELECTRONICS TECHNOLOGY DEVELOPMENT AND APPLICATION CORPORATION,7
TECHNOLOGY,QIHOO 360 TECHNOLOGY CO. LTD.,50
TECHNOLOGY,ABASCIENCE TECH CO LTD,10
TECHNOLOGY,YUTRON TECHNOLOGY CO LTD,7
NAME,SOUTH HILL 5,54
INDUSTRIAL,INDUSTRIAL SOLUTIONS,2
AS,AL-QA'IDA IN THE INDIAN SUBCONTINENT,10
IND,INDUSTRIAL BANK INC,43
INDUSTRIAL,AMIN INDUSTRIAL COMPLEX,14
ZGDMCC-TA,"TAATTA, AO",4
MINISTRY,MINISTRY OF DEFENCE,13
MINISTRY,MINISTRY OF PEOPLE'S ARMED FORCES,13
MINISTRY,MINISTRY OF LABOR,12
MINISTRY,MINISTRY OF INTERIOR,12
MINISTRY,MINISTRY OF PETROLEUM,12
MINISTRY,MINISTRY OF DEFENCE RF,12
MINISTRY,THE MINISTRY OF DEFENCE OF THE REPUBLIC OF BELARUS,7
MINISTRY,MINISTRY OF STATE SECURITY,29
MINISTRY,MINISTRY OF ROCKET INDUSTRY,12
MINISTRY,MINISTRY OF PEOPLE'S SECURITY,12
MINISTRY,MINISTRY OF DEFENSE LOGISTICS EXPORT,7
MINISTRY,MINISTRY OF HOME AFFAIRS,12
MINISTRY,MINISTRY OF CRUDE OIL INDUSTRY,13
OF,INDUSTRIAL ESTABLISHMENT OF DEFENSE,9
SAID,Sa'id SA'ID,16
SAID,Hasan IZZ-AL-DIN,16
SAID,Faouzi Ben Mohamed Ben Ahmed JENDOUBI,16
SAID,Ahmed DEGHDEGH,17
BANK,TOSE-E MELLI GROUP INVESTMENT COMPANY,1
POWER,ADLER,5
EVRAN,KADOS,9
SAN,WON SAN 2,46
A,ANSARALLAH,9
TRADE,WEST SUN TRADE GMBH,21
SWIFT,SWIFT PAYMENT LIMITED,15
IBAN,ELYANA,7
STREET,SV NIKOLAY,10
STREET,ST. VITAMIN,10
STREET,SV KONSTANTIN,10
LLC,AUCTION LIMITED LIABILITY COMPANY,2
PRODUCTS,LIMITED LIABILITY COMPANY INFRASTRUCTURE PROJECTS MANAGEMENT COMPANY,2
UNITED,JOINT STOCK COMPANY UNITED SHIPBUILDING CORPORATION,11
IS,Amina Isa,49
IS,Abdulrazaq Isa,48
IRA,IRAN,42
IRA,Iran,42
BANK,Bank Leumi,6
BANK,UCO Bank,6
BNK,Al Rajhi Bank,10
BANK,DAY BANK,7
BANK,JOINT STOCK COMPANY SEVASTOPOLSKY MORSKOY BANK,7
BANK,GHAVAMIN BANK,5
BANK,BANK SEPAH,43
BANK,ANSAR BANK,16
BANK,BANK MELLAT,29
TO,VALFAJR2,15
TO,HORMUZ 2,15
TO,ZA RYOK 2,15
TO,TOUR 2,31
TO,"EKT 2,INC.",27
IS,ISIL-SAUDI ARABIA,84
TO,SHABDIS,15
TRADING,LATEBROOK TRADING LTD,6
TRADING,DART AVIATION,7
TRADING,WASHINGTON TRADING LTD,4
TRADING,TIGRIS TRADING INC,6
CARRIERSMANAGEMENT,OOO NAVIGATOR ASSET MANAGEMENT,9
PARCO,PARCO ENTERPRISES NIG. LTD,30
TEXAS,PEGAS,5
RAS,AL RAS GATE GENERAL TRADING,20
TRADE,ROSNEFT TRADE LIMITED,3
HONG,HOE RYONG,40
TRADING,BEIJING CHENGXING TRADING CO. LTD.,19
TRADING,ASIA INTERNATIONAL TRADING COMPANY,11
BIN,BENEVOLENCE INTERNATIONAL FOUNDATION,127
BIN,BENEVOLENCE INTERNATIONAL FUND,9
BIN,BOSANSKA IDEALNA FUTURA,9
BIN,STICHTING BENEVOLENCE INTERNATIONAL NEDERLAND,9
KHALID,Pio Abogne DE VERA,17
KHALID,Khalid Shaikh MOHAMMED,7
TO,AL-BAKOUN ALA AL-AHD ORGANIZATION,3
UK,REYNOLDS AND WILSON LTD,55
UK,Emdee Exports UK Ltd.,59
UK,CAMBRIDGE MERCANTILE CORP UK LTD,67
KEC,KALAYE ELECTRIC COMPANY,18
ELECTRIC,JUDIZ ELECTRIC COMPANY,21
ELECTRIC,THUNDSEA ELECTRIC LIMITED,16
ELECTRIC,"JIANGSU HENGTONG OPTIC-ELECTRIC CO., LTD.",2
SINGAPORE,P.C.C. (SINGAPORE) PRIVATE LIMITED,50
SHIPPING,OCEAN MARITIME MANAGEMENT COMPANY LIMITED,15
SHIPPING,YUSONG SHIPPING CO,15
SHIPPING,ATLAS KIAN QESHM,8
INTERNATIONAL,CUBANACAN INTERNATIONAL B V,11
TRADING,SOUTHEAST TRADING OY,2
STATE,KAHANE CHAI,119
A,Bilal BIN MARWAN,38
ONE,RUNG RA 1,9
INTERNATIONAL,COREZING INTERNATIONAL,2
INTERNATIONAL,AMAZE INTERNATIONAL,2
INTERNATIONAL,"DES INTERNATIONAL CO., LTD.",15
INTERNATIONAL,AUTOWORLD INTERNATIONAL,3
INTERNATIONAL,Borealis International,3
TCL,TECHNO-COMMERCIAL,1
HOLDINGS,CLC HOLDINGS LIMITED,2
HOLDINGS,VICTORY WAVE HOLDINGS LIMITED,1
HOLDINGS,ZUPPA HOLDINGS LIMITED,1
HOLDINGS,MARANER HOLDINGS LIMITED,1
HOLDINGS,MFAA HOLDINGS LIMITED,1
HOLDINGS,SMIC HOLDINGS LIMITED,1
HOLDINGS,SOVCOMBANK SECURITIES LIMITED,1
TRADE,"PETROM INTERNACIONAL TRADE, S.L.",5
KHALID,Mustafa Mohamed FADHIL,17
OMEGA,Pacifique NTAWUNGUKA,11
FORREVIVAL OF ISLAMIC HERITAGE SOCIETY,CAMBODIA,17
FORREVIVAL OF ISLAMIC HERITAGE SOCIETY,BANGLADESH,14
FORREVIVAL OF ISLAMIC HERITAGE SOCIETY,LEBANON,14
FORREVIVAL OF ISLAMIC HERITAGE SOCIETY,BOSNIA AND HERZEGOVINA,14
FORREVIVAL OF ISLAMIC HERITAGE SOCIETY,KOSOVO,14
FORREVIVAL OF ISLAMIC HERITAGE SOCIETY,GHANA,13
FORREVIVAL OF ISLAMIC HERITAGE SOCIETY,SOMALIA,11
FORREVIVAL OF ISLAMIC HERITAGE SOCIETY,ALBANIA,11
FOR,BASIJ RESISTANCE FORCE,4
UNITED,KOREA UNITED DEVELOPMENT BANK,10
INDUSTRIES,MARINE INDUSTRIES ORGANIZATION,6
GROUP,CAPRICE GROUP LTD,3
GROUP,BERATEX GROUP LIMITED,2
INTERNATIONAL,MCS INTERNATIONAL GMBH,10
INTERNATIONAL,HUAWEI INTERNATIONAL PTE. LTD.,11
SHIPPING,PANDORA SHIPPING CO S A,11
SHIPPING,PROTON PETROCHEMICALS SHIPPING LIMITED,17
ELECTRONICS,MICRO MIDDLE EAST ELECTRONICS,2
MIDDLE,TIDEWATER MIDDLE EAST CO,2
BANK,MB BANK,17
OF,MAIA-1,5
OCEAN,ANGARA,6
OUR,YONA STAR INTERNATIONAL,4
EXPORTS,Afro Exports Ltd.,8
LINES,LINK LINES (PVT.) LIMITED,9
AHMED,Sa'id Ahmad Muhammad AL-JAMAL,1
MANAGEMENT,PRIVATE JOINT-STOCK COMPANY MAKO HOLDING,7
MANAGEMENT,BLUE TANKER SHIPPING SA,2
E,ENSAMBLADORA COLOMBIANA AUTOMOTRIZ S.A.,5
MANAGEMENT,VELMUR MANAGEMENT PTE LTD,5
MANAGEMENT,MANAGEMENT COMPANY PROMSVYAZ LLC,5
MANAGEMENT,SOVFRACHT MANAGING COMPANY LLC,5
MANAGEMENT,ATLANTIC SHIP MANAGEMENT COMPANY,2
MANAGEMENT,AO ABR MANAGEMENT,5
MANAGEMENT,KUTRY MANAGEMENT INC.,5
MANAGEMENT,CLIO MANAGEMENT CORP.,5
MANAGEMENT,MIDCO FINANCE S.A.,14
MANAGEMENT,LIMITED LIABILITY COMPANY RVC MANAGEMENT COMPANY,6
MANAGEMENT,GMCS MANAGEMENT LIMITED LIABILITY COMPANY,5
MANAGEMENT,Claremount Asset Management Limited,5
PROJECT,LLC SPECIAL ORGANIZATION FOR PROJECT FINANCE FACTORY OF PROJECT FINANCE,8
ZIMBABWE,Zimbabwe,4
FLYWIRE PAYMENTS CORPORATION,FLYWIRE PAYMENTS CORPORATION,6
MAGNOLIA,BEHSHAD,4
LINE,JCSX SHIPPING LINE,9
MARINE,MARINE TRANS SHIPPING LLC,6
MARINE,PHYONGCHON SHIPPING & MARINE,5
INDUSTRIAL,INDUSTRIAL METALS AND COMMODITIES,5
BANK,BANK OF NATIONAL COMMERCE,129
UNION,EUROPEAN UNION BANK,3
International,NIMR INTERNATIONAL L.L.C.,9
International,PANACEA INTERNATIONAL LTD,8
the,AL-NUSRAH FRONT,16
bank,JOINT STOCK COMPANY SBERBANK,12
to,MI RIM 2,6
to,RAK WON 2,12
to,HYOK SIN 2,6
to,KUM GANG 3,6
SECURITIES,FALCON SECURITIES LIMITED,1
NANCY,NASHA,3
DIAMOND,BLUE DREAM,6
MANAGEMENT,ZHIHANG SHIP MANAGEMENT SHANGHAI CO LTD,3
MANAGEMENT,"NANJING ASSET MANAGEMENT CO., LTD.",3
MANAGEMENT,JOINT STOCK COMPANY MANAGEMENT COMPANY OF THE RUSSIAN DIRECT INVESTMENT FUND,3
CO,Asjay and Co. Nig. Ltd.,254
F,Fangwei LI,2
NORTH,NORTH DRILLING COMPANY,31
SERVICES,SHARONBOJ GLOBAL SERVICES LIMITED,31
SERVICES,RAPART SERVICES LLC,19
SERVICES,Bilyiis Integrated Services Limited,15
SERVICES,Yayeh Instant Services Ltd,15
AST,ANSAR AL-SHARI'A IN TUNISIA,5
SOUTH,SEMICONDUCTOR MANUFACTURING SOUTH CHINA CORPORATION,35
BRANCHSYRIAN GENERAL INTELLIGENCE BRANCH 251,AL-KHATIB,3
GENERAL,General Supplies and Services Co.,3
OF,ANSAR AL-ISLAM,5
OF,JAYSH AL-ADL,6
HENRY,Amran BIN MANSOUR,10
SHIPPING,BAROON SHIPPING COMPANY LIMITED,2
SHIPPING,FLAMAR SHIPPING LTD,6
SERVICES,Supersonics Financials Services Ltd,12
SERVICES,IGA-Shar Services Ltd.,7
SERVICES,Multigate Resources Services Ltd.,15
SERVICES,PHOTOMASKING SERVICES LTD,5
SERVICES,UNIFIED PAYMENT SERVICES LTD,114
ROAD,OLD ROAD CENTRAL BUREAU,13
SMIS,SEMICONDUCTOR MANUFACTURING INTERNATIONAL CORPORATION,46
DLLD POWER LIMITED,POWER SAL,1
EXPORT,DOLL EXPORT LTDA,34
SCIENCE,BEIJING SWT SCIENCE,1
SCIENCE,INTEGRATED SCIENTIFIC MICROWAVE TECHNOLOGY,3
TECHNOLOGY,JAHAN TECH ROOYAN PARS,5
HENAN,NATIONAL SUPERCOMPUTER CENTER ZHENGZHOU,3
TRADING,OANDO TRADING DMCC,4
TRADING,TUKA METAL TRADING DMCC,2
INDUSTRIES,EMZOR PHARMACEUTICAL INDUSTRIES LTD,54
INDUSTRIES,Notore Chemical Industries Limited,53
INDUSTRIES,SPEEDYS FOOD INDUSTRIES LIMITED,50
INDUSTRIES,Sapele Intgrated Industries Ltd,50
INDUSTRIES,Emzor Pharmaceutical Industries Limited,53
INDUSTRIES,PRECISION IMAGE CORPORATION,53
RESOURCES,Nomaco Resources Limited,11
RESOURCES,Kurrent Resources Ltd.,11
RESOURCES,MARANGE RESOURCES (PRIVATE) LIMITED,11
RESOURCES,Rocky Top Resources Ltd,11
INVESTMENTS,FINSBURY INVESTMENTS LIMITED,1
INVESTMENTS,Pureheart Investments Ltd,1
INVESTMENTS,Sophos Investments LLC,1
INVESTMENTS,CI GLOBAL INVESTMENTS SA,1
INVESTMENTS,FRUMINETI INVESTMENTS LTD,1
GLOBAL,GLOBAL RELIEF FOUNDATION INC,1
GLOBAL,GLOBAL UNITED BIOTECHNOLOGY INC.,1
TRADING,AL AMLOOD TRADING LLC.,4
TRADING,LIBERTY HOUSE TRADING LLC,1
TRADING,NARIA GENERAL TRADING LLC,5
SL,SHINING PATH,42
THE,Abd Al Aziz AWDA,2
IS,ISIL-LIBYA,3
IS,MAUTE GROUP,5
BANK,BANK REFAH KARGARAN,5
INTERNATIONAL,ARI INTERNATIONAL LTD,5
LID,33RD LIGHT INFANTRY DIVISION OF THE BURMESE ARMY,2
INDUSTRY,CHANGHE AIRCRAFT INDUSTRIES GROUP,2
INDUSTRY,"DAWNING INFORMATION INDUSTRY CO., LTD",6
INDUSTRY,NANJING SUNSEA INDUSTRY CORPORATION,4
INDUSTRY,MTECH INDUSTRIAL LIMITED,22
EXPORT,EXCLUSIVE IMPORT EXPORT S.A.S.,10
THE,AL-HARAMAIN : THE NETHERLANDS BRANCH,19
CHEONG,WHA CHEONG TAI COMPANY (CHINA),2
OF,FIRST EAST EXPORT BANK PLC,5
STATE,ROSOBORONEKSPORT OAO,3
IMPORT,MOAZ ABDULLA DAEL FOR IMPORT AND EXPORT,11
TRADING,SPARS LTD.,2
DANGOTE,Dangote Cement Plc,10
GENERAL,Seanzo General trading LLC,14
GENERAL,DYNAMIC GENERAL TRADING LLC,12
GENERAL,KOREA DAIZIN TRADING CORP.,10
GENERAL,ALSAROUD GENERAL TRADING,8
DML,DIGITAL MEDIA LAB,1
GLOBAL,SHARONBOJ GLOBAL SERVICES LTD,11
GLOBAL,GLOBAL TOURISTIC SERVICES SAL,3
TIC,ORGANIZATION FOR TECHNOLOGICAL INDUSTRIES,17
LTD,AL FAY COMPANY,13
HOME,HIZBUL MUJAHIDEEN,80
OLGA GRANT,OLGA,2
SYRIA,Syria,18
SYRIA,JAYSH AL-SHA'BI,5
PATRIOT,PATRIOT,7
OF,GOVERNMENT OF SYRIA,8
OF,ISLAMIC STATE OF IRAQ AND THE LEVANT,26
SYRIANLEBANESE,SYRIAN LEBANESE COMMERCIAL BANK,5
IS,ISIL KHORASAN,18
REPUBLICISLAMIC STATE OF IRAQ AND SYRIA,DEMOCRATIC REPUBLIC OF THE CONGO,23
TRADING,MINGZHENG INTERNATIONAL TRADING LIMITED,8
FIRST,FREEDOM 1ST NATIONAL BANK,5
GLOBAL,MV Global Nig. Ltd.,27
ARGENTINACRYMSA,"ARGENTINA, S.A.",1
OIL,Everglade Oil Inc,4
OIL,Capital Oil Plc,5
OIL,OPEN JOINT-STOCK COMPANY ROSNEFT OIL COMPANY,4
FREIGHT,GATEWICK LLC,6
THE,PHO THAE,10
EVERY,EVER BRIGHT 88,7
ENTERPRISES,Herosky Enterprises Ltd.,2
ENTERPRISES,VOI ENTERPRISES LLC,2
ENTERPRISES,Medlyn Enterprises LLC,2
ENTERPRISES,TEAMFORD ENTERPRISES LIMITED,1
ENTERPRISES,KAFAK ENTERPRISES LIMITED,3
ENTERPRISES,MOONSTORM ENTERPRISES LIMITED,2
DEPARTMENT,SECOND DESIGN DEPARTMENT,1
DONGSHAN,DANDONG HONGXIANG INDUSTRIAL DEVELOPMENT CO LTD,11
NIG,Relentech Specialists (Nig.) Ltd.,24
NO,ALMACEN JUNIOR NO 2,10
TRADING,"HEBEI ATUN TRADING CO., LTD.",1
TRADING,PAMCHEL TRADING BEIJING CO. LTD.,3
THE,"48TH CENTRAL SCIENTIFIC RESEARCH INSTITUTE, SERGIEV POSAD",1
OFFSHORE,MEHDI OFFSHORE AND SHIP MANAGEMENT PTE LTD,7
CENTER,CAR CARE CENTER,6
OFFSHORE,ASCOT OFFSHORE NIGERIA LTD,9
OFFSHORE,SERPICO OFFSHORE SARL,7
OFFSHORE,SALASKO OFFSHORE S.A.L.,7
OFFSHORE,BS COMPANY OFFSHORE,9
OF,INTER ALIMENT SAL OFF-SHORE,7
COMPANY,Atlantic Trust Company,3
COMPANY,Atlantic Intl. Ventures Ltd.,6
AIR,DART AIRLINES,7
JOELLE,Yazid SUFAAT,25
INTERNATIONAL,"NINGBO ZHONGJUN INTERNATIONAL TRADE CO., LTD. (NBZJ)",6
INTERNATIONAL,PETROM GMBH INTERNATIONAL TRADE,1
INTERNATIONAL,INTERNATIONAL TRADE AND INDUSTRIAL TECHNOLOGY ITRITEC GMBH,1
INTERNATIONAL,"REACH HOLDING GROUP SHANGHAI CO., LTD.",19
INTERNATIONAL,STARS INTERNATIONAL LTD,5
HUA,HARAKAT-UL JIHAD ISLAMI,12
HUA,HARAKAT UL-MUJAHIDEEN,69
IN,In-Profit International Ltd.,3
INT'L,INT LTD EOOD,2
YOUTHISLAMIC STATE OF IRAQ AND SYRIA,MOZAMBIQUE,6
INDUSTRIES,DAG INDUSTRIES NIGERIA,39
INDUSTRIES,UNIVERSAL NIGERIA INDUSTRIES CO LTD,51
FIRST,FIRST CENTURY FINANCIAL,7
DEC,DELTA ENGINEERING CONCERN FZE,13
NO,CONSTELLO NO 1 CORPORATION,67
SPARE,RSP LTD,13
CEMENT,TEHRAN CEMENT COMPANY,4
TO,PORT OLYA-2,10
AS,AN SAN 1,11
AS,PRIMEIRO COMANDO DA CAPITAL,1
TO,APT-C-26,23
AT,BLENDER.IO,191
BANK,First Inland Bank,13
BANK,FIRST SAVINGS BANK,2
INTERNATIONAL,A T E INTERNATIONAL LTD,3
COMMODITIES,ETCO INTERNATIONAL COMMODITIES LTD,6
PAYONEER INC,Payoneer,3
RIYADH,Muhammad Jamal 'Abd-al Rahim Ahmad AL-KASHIF,18
GLORY,DARYABAR,4
MIC,MOALLEM INSURANCE CO.,2
OOMNIK,OMNIK LIMITED,5
JOHN,Murad MARGOSHVILI,43
OLUWASEUN,Okolie O. John,4
AHMED,Ahmad Zia AGHA,2
TRADE,PRINTING TRADE CENTER GMBH,15
MACHINERY,699 FACTORY,3
NO,BILLIONS NO. 18,10
MACHINERY,Zhanjiang Heshan Machinery Co Ltd,5
MACHINERY,KOREA RYONHA MACHINERY JOINT VENTURE CORPORATION,9
OF,The Ogoni Community,2
INTL,New Burlington Intl. Corp.,11
INTL,NEW FAR INTERNATIONAL LOGISTICS LIMITED,11
IS,ISIS-SINAI PROVINCE,11
STATE,"STATE CORPORATION FOR THE PROMOTION OF THE DEVELOPMENT, MANUFACTURE AND EXPORT OF HIGH TECHNOLOGY PRODUCTS ROSTEC",2
OF,MS-13,2
JAA LIMITED,JUND AL-AQSA,1
CHEMICAL,PARCHIN CHEMICAL INDUSTRIES,2
CONCEPT,Klear Concept Limited,3
MANUFACTURING,CHINA AEROSPACE SCIENCE AND INDUSTRY CORPORATION (CASIC) 3RD ACADEMY'S 239 FACTORY,1
MANUFACTURING,KNIGHT METAL MANUFACTURING CO LTD,4
VENTURES,Ventures Investment Inc.,6
VENTURES,BADAWALU VENTURES LTD,5
VENTURES,Gastroil Ventures Limited,5
VENTURES,Chok Ventures Limited Liability Company,5
GLOBAL,JOINT STOCK COMPANY MARSHAL.GLOBAL,3
DUBAI,DUBAI AUTO GALLERY LLC,2
DUBAI,DUBAI TRADING COMPANY,2
INTERNATIONAL,RH INTERNATIONAL LLC,6
INTERNATIONAL,SEED INTERNATIONAL LTD,8
INTERNATIONAL,IAC INTERNATIONAL INC,6
INTERNATIONAL,SPECTOR INTERNATIONAL INC,23
INTERNATIONAL,INTERNATIONAL PACIFIC TRADING INC,8
GHANA,STAR TRADE GHANA LIMITED,20
OURA,OURA,8
SARA,SANABEL RELIEF AGENCY LIMITED,1
KONG,KONG FAT ELECTRONIC TRADING LIMITED,1
IBB,KATIBAT AL-IMAM AL-BUKHARI,4
HOUSE,BAYT AL-MAL,2
HOUSE,BEIT EL-MAL HOLDINGS,2
INDUSTRIAL,"HAOFENG INDUSTRIAL CO., LTD.",10
INDUSTRIAL,AW INDUSTRIAL LTD.,14
SEA,NEPTUN,2
PHARMACEUTICAL,Shanghai Pharmaceutical Co.,4
GUANGZHOU,"GUANGZHOU HAIGE COMMUNICATION GROUP CO., LTD.",3
GUANGZHOU,"GUANGZHOU HONGYU TECHNOLOGY CO., LTD.",1
GUANGZHOU,CHINA COMMUNICATIONS CONSTRUCTION COMPANY GUANGZHOU WATERWAY BUREAU,13
GUANGZHOU,"GUANGZHOU HYMSON LASER TEHNOLOGY CO., LTD.",1
GUANGZHOU,"GUANGZHOU GUANGYOU COMMUNICATIONS EQUIPMENT CO., LTD.",1
GUANGZHOU,"GUANGZHOU TONGGUANG COMMUNICATION TECHNOLOGY CO., LTD.",1
GUANGZHOU,"GUANGZHOU TAICHENG SHIPBUILDING INDUSTRY CO., LTD.",1
O,PO THONG GANG,290
SERVICES,IRAQI FREIGHT SERVICES LIMITED,1
SERVICES,IRAQI ALLIED SERVICES LIMITED,1
IN,MUHAMMAD JAMAL NETWORK,2
IN,GAMA'A AL-ISLAMIYYA,4
ARE,"HOTEL HOLDING, S.R.O.",3
IN,MUHAMMAD JAMAL NETWORK (MJN),4
SERVICES,EVERTOP SERVICES SDN BHD,7
SERVICES,IDT PAYMENT SERVICES INC,116
ABRAHAM,Ibrahim Hassan Tali AL-ASIRI,44
HONG,"JLD TECHNOLOGY, HONG KONG CO., LTD.",3
INDUSTRY,DEHONG THAILONG HOTEL CO LTD,1
INDUSTRY,"DANDONG DONGYUAN INDUSTRIAL CO., LTD.",8
INDUSTRY,AECC SOUTH INDUSTRY COMPANY LIMITED,29
INDUSTRY,WORLD MINING INDUSTRY COMPANY LTD,1
TECHNOLOGIES,HONGIN TECH PTE LTD,8
TECHNOLOGIES,Coscharis Technologies Limited,3
TECHNOLOGIES,SAF TECH S.L.,1
TECHNOLOGIES,TIMI TECHNOLOGIES CO LTD,5
TECHNOLOGIES,SIGMA TECH COMPANY,1
TECHNOLOGIES,LIMITED LIABILITY COMPANY DIGITAL TECHNOLOGIES,1
TECHNOLOGIES,ADVANCED TECHNOLOGIES COMPANY OF IRAN,5
EUROPE,EUROPE TRANSPORTATION LIMITED,11
BANK,US METROPOLITAN BANK INC,6
IRO,Taoffik I. Akinremi,1
KG,KURDISTAN WORKERS' PARTY,12
NASSER,Rahmatullah KAKAZADA,5
IMPEX,AA Impex Services,3
SO,Ruben Pestano Jr. LAVILLA,1
FORTUNE,FORTUNE,5
LOGISTICS,AFRICOM LOGISTICS INC,4
CHEMICALS,Samking Chemicals Nigeria Ltd,19
OF,TELEVISION STATION RUSSIA-1,1
DOLPHIN,FREEDOM,46
A,'Ali Sulayman Mas'ud 'Abd AL-SAYYID,5
Jun,REVOLUTIONARY PEOPLE'S STRUGGLE,9
A,A.C. Holdings Inc.,204
Dev,VENTORA DEVELOPMENT SASU,1
African,AFRICAN COMMODITIES DMCC,1
HOUSIN,Mati UR-REHMAN,4
OMAR,Khalil JARRAYA,4
OMAR,Mohammed OMAR,4
BUSINESS,THE BUSINESS CENTRE LTD.,29
BANK,PARSIAN BANK,20
ENERGY,AITEO ENERGY RESOURCES LTD,22
ORGANIZATION,JAM'YAH TA'AWUN AL-ISLAMIA,2
EB,Dr Ibrahim 'Awwad Ibrahim 'Ali AL-BADRI,40
ENERGY,SINA ENERGY DEVELOPMENT COMPANY,2
SHIPPING,SALLIZAR SHIPPING SAL,6
SHIPPING,CHONGCHONGANG SHIPPING COMPANY LIMITED,6
SHIPPING,HAPJANGGANG SHIPPING CORP,2
SHIPPING,GREEN SHIPPING LTD,10
SUCCESS,SANA,3
PETROCHEMICAL,TRILIANCE PETROCHEMICAL CO. LTD.,2
PETROCHEMICAL,SPOG Petrochemical Limited,2
BANCO,BANCO PRODEM SA,2
GENERAL,ALETRA GENERAL TRADING,5
URUGUAY,BANCO BANDES URUGUAY SA,2
DAH,Moussa Ben Amor Ben Ali ESSAADI,3
HASSEN,Mohamed LAHBOUS,22
HASSEN,Zulkifli Bin Abdul HIR,19
HASSEN,Hacene ALLANE,20
PETER,Jose Maria SISON,5
dept,SANAM INDUSTRIAL GROUP,2
dept,DEFENSE TECHNOLOGY AND SCIENCE RESEARCH CENTER,3
dept,SPECIAL INDUSTRIES GROUP,1
dept,CHINA AEROSPACE SCIENCE AND TECHNOLOGY CORPORATION (CASC) 1ST ACADEMY FIRST DESIGN DEPARTMENT,6
Finance,BUSINESS-FINANCE LIMITED LIABILITY COMPANY,6
EXPORT,Auto Export Shipping Inc.,18
TO,RYONG GANG 2,1
ENGINEERING,INTEGRATED ENGINEERING SERVICES,9
TOWN,GRAND TOWN TOURIST CITY,5
TRADE,ADVANCE ELECTRICAL AND INDUSTRIAL TECHNOLOGIES SL,1
NO,CHINA ELECTRONICS TECHNOLOGY GROUP CORPORATION 14TH RESEARCH INSTITUTE (CETC 14),6
INTERNATIONAL,SPI INTERNATIONAL,8
INDIA,HUAWEI TECHNOLOGIES INDIA PRIVATE LIMITED,12
INTERNATIONAL,STRATUM INTERNATIONAL TRADING LIMITED,5
INTERNATIONAL,FORTUNE INTERNATIONAL TRADING,5
INTERNATIONAL,QINGDAO ZHIZAO INTERNATIONAL TRADING,2
INTERNATIONAL,GLASGOW INTERNATIONAL TRADING,2
INTERNATIONAL,TNK TRADING INTERNATIONAL S.A.,2
INTERNATIONAL,"MULTITEX INTERNATIONAL TRADING, S.A.",2
TECH,IS'VISION,5
CO,"HISILICON TECHNOLOGIES CO., LTD (HISILICON)",3
ENTERPRISE,NEZHAD ENTERPRISE COMPANY,3
SHIPPING,MONSOON SHIPPING LTD,18
SHIPPING,HERMIS SHIPPING SA,6
SHIPPING,GOOD LUCK SHIPPING LLC,2
HK,YASHEN (HK) ELECTRONICS,5
HK,JADESHINE ENGINEERING HK CO.,4
HK,MCFLY PLASTIC HK LIMITED,5
SHIPPING,IRITAL SHIPPING LINES COMPANY,12
LINES,BLUE LINES COMPANY,4
HK,DAYSTAR ELECTRIC (HK) LTD,5
SHIPPING,KHAZAR SEA SHIPPING LINES,4
INTERNATIONAL,International Asset Holding Corp.,4
INDUSTRIES,IRAN AIRCRAFT INDUSTRIES,1
INDUSTRIES,IRAN ELECTRONICS INDUSTRIES,1
STOCK,PUBLIC JOINT STOCK COMPANY TRANSKAPITALBANK,2
INTEGRATED,JULIANN INTEGRATED SERVICES,1
SERVICES,Fambo Integrated Services Limited,1
INTEGRATED,JULLIAN INTEGRATED SERVICES,1
ST,MAIN STREET 1095 PROPRIETARY LIMITED,1
AWC INTERNATIONAL LIMITED,AIR WEAPON COMPLEX,1
SHIPPING,MARBLE SHIPPING LTD,4
SHIPPING,ORIENT SHIPPING LIMITED,4
SHIPPING,SPRING SHIPPING LIMITED,4
SHIPPING,UNIVERSE SHIPPING LIMITED,4
SHIPPING,AQUA SHIPPING LTD,4
SHIPPING,NATIONWIDE SHIPPING LTD,4
IN,JUND AL-KHILAFAH IN TUNISIA,11
TRANSFER,GOLDEN MONEY TRANSFER,2
BENEFICIARY,SUBSIDIARY BANK SBERBANK OF RUSSIA JOINT STOCK COMPANY,5
HANA,HANA BANKING CORPORATION LTD,15
HK,SUR-LINK TECHNOLOGY (HK) LTD.,2
GROUP,"DONGMEI INVESTMENT GROUP CO., LIMITED",3
GROUP,"UNION DEVELOPMENT GROUP CO., LTD.",1
LLC,LIMITED LIABILITY COMPANY RUTARGET,15
GLOBALCARGO,GLOBAL VISION GROUP,25
MUSLIM,Zaurbek GUCHAYEV,6
LUCKY,NEGAR,1
IN,JIN TAI,2
IN,JIN TENG,2
A,Ahmed Mohammed Hamed ALI,1
BNG,RAK RANG,3
TECHNOLOGY,FJ TECHNOLOGY SERVICE INC,3
TECHNOLOGY,JINGHO TECHNOLOGY CO. LIMITED,3
TECHNOLOGY,REEKAY TECHNOLOGY LTD,3
DE,DE UNITED FOODS INDUSTRIES LTD,12
IND,Jabros Ind Nig Ltd.,40
GROUP,KTK GROUP,2
GROUP,ORIENTAL LOGISTICS GROUP LTD,2
GROUP,ASYAF INTERNATIONAL HOLDING GROUP FOR TRADING AND INVESTMENT,20
IN,Women In Oil,1
NEW,TAIZHOU CBM-FUTURE NEW MATERIAL SCIENCE AND TECHNOLOGY CO LTD,3
GLOBAL,ACTION GLOBAL,3
OF,NEW PEOPLE'S ARMY / COMMUNIST PARTY OF THE PHILIPPINES,8
BANK,BANK OF INDUSTRY AND MINE,6
OCEAN,ABYAN,14
NIG,Forstch Technical Nig Limited,22
NIG,Johny Young (Nig.) Ltd.,22
NIG,Elabbroch Integration Nig Ltd.,22
NIG,Queen Hair Nig Ltd.,22
EXPORT,SAD IMPORT EXPORT COMPANY,6
IMPORT,SINA PAYA SANAT DEVELOPMENT CO.,6
IMPORT,EKO DEVELOPMENT AND INVESTMENT COMPANY,6
IMPORT,SEGOVIA IMPORT & EXPORT CORP,6
AFRICA,ARNICA,2
COMMERCIAL,COMMERCIAL TRUST CORPORATION,2
KHALID,Sajjid MIR,4
KHALID,Hafiz Khalid WALID,1
AL,Tarek Ben Habib Ben Al-Toumi MAAROUFI,1
KHALID,Khalid AL-BAKUR,3
KHALID,KHALID BIN AL-WALID ARMY,1
KHALID,Khalid Ahmad Jumah AL-SUDANI,3
KHALID,Khalid Abd al-Rahman Hamd AL-FAWAZ,3
KHALID,Neil Christopher PRAKASH,3
A,Adnan Abu Walid AL-SAHRAWI,1
IBN,L'Hadi BENDEBKA,1
AL,Mohammed Karim Yusop FAIZ,1
KHALID,Khaled AL-ZUBAIDI,1
A,Ahmed DABBASHI,2
A,Mustafa HAMID,1
HOLDING,Exoro Holding B.V.,6
HOLDING,VistaJet Holding SA,6
HOLDING,RMAG HOLDING LTD,6
HOLDING,JSC INTEGRAL,6
HOLDING,CASTLE HOLDING GMBH,6
NO,ALMACEN FUTURO NO. 1,14
CAY,Hsein Tai TSAI,2
IND,JOZA INDUSTRIAL COMPANY,2
EMMA,JASMINE,3
BAL,BUTEMBO AIRLINES,27
BANK,PERSIA INTERNATIONAL BANK PLC,19
BANK,GULF INTERNATIONAL BANK GROUP,1
BANK,KISH INTERNATIONAL BANK,1
BANK,CARIBBEAN INTERNATIONAL BANK,1
BANK,ILSIM INTERNATIONAL BANK,1
BANK,BEAR INTERNATIONAL BANK,1
BANK,MIAMI INTERNATIONAL BANK,1
BANK,RUSSIAN NATIONAL COMMERCIAL BANK,1
BANK,STRATFORD INTERNATIONAL BANK INC,1
JUSTICE,DAN,2
GENERAL,THE BEST LEADER GENERAL TRADING LLC,4
GENERAL,LAVENDER GENERAL TRADING,4
GENERAL,SAKAN GENERAL TRADING,4
GENERAL,POLINEX GENERAL TRADING LLC,4
GENERAL,ZULEKHA GENERAL TRADING LLC,3
GENERAL,ZURMAT GENERAL TRADING,3
GENERAL,MICATIC GENERAL TRADING,3
GENERAL,ADOON GENERAL TRADING FZE,3
GENERAL,PEGASUS GENERAL TRADING FZC,3
GENERAL,ODYSSEY GENERAL TRADING FZC,3
GENERAL,SIMA GENERAL TRADING CO FZE,3
for,AL-MULATHAMUN BATTALION,1
HORIZON,HALTI,2
INTERNATIONAL,INTERNATIONAL GENERAL RESOURCING FZE,1
INDUSTRIES,DEFENSE INDUSTRIES ORGANIZATION,2
MOVEMENT,AL-SHABAAB,16
NATIONAL,DOM MITRA BANK,1
SHIPPING,SHANGHAI DONGFENG SHPG CO LTD,2
SHIPPING,SHIPPING COMPUTER SERVICES COMPANY,2
ENERGY,International Energy Services,4
SAVE,SAVE THE CHILDREN INTERNATIONAL,4
CH,Aamir Ali CHAUDHRY,3
OVERSEAS,OVERSEAS TRADING COMPANY,2
AFRICA,BOKO HARAM,7
ENERGY,Seven Energy International Limited,1
ENERGY,DYNAPEX ENERGY LIMITED,1
ENERGY,SAHARA ENERGY RESOURCE LIMITED,3
ENERGY,MESBAH ENERGY COMPANY,1
LA,AL QA'IDA,20
COMPANY,ESPANA INFORMATICA S.A.,2
BANK,BRITISH BANK OF COMMERCE,12
BANK,CARIBBEAN BANK OF COMMERCE LTD,1
BANK,AMERICAN BANK OF COMMERCE CORP,2
BANK,CALIFORNIA BANK OF COMMERCE INC,1
TECHNOLOGIES,"TIMI TECHNOLOGIES CO., LTD",1
TECHNOLOGIES,POLY TECHNOLOGIES INC,1
TECHNOLOGIES,NETPOSA TECHNOLOGIES LIMITED,1
TECHNOLOGIES,FIBERHOME TECHNOLOGIES GROUP,1
HOLDING,ELLISSA HOLDING,2
INVESTMENT,CASTLE INVESTMENT HOLDING,4
HOLDING,AMAN HOLDING COMPANY,2
INVESTMENT,SPECTRUM INVESTMENT GROUP HOLDING SAL,9
HOLDING,ASCOTEC HOLDING GMBH,2
HOLDING,JIAXIANG ENERGY HOLDING PTE. LTD.,2
HOLDING,IFIC HOLDING AG,2
HOLDING,GEMUHO HOLDING INC,2
HOLDING,MAGUS HOLDING LLC,2
HOLDING,KHITI HOLDING GROUP,2
HOLDING,LTS HOLDING LIMITED,2
Bank,BANK MASKAN,1
PUDONG,CHINA NATIONAL PRECISION MACHINERY IMPORT/EXPORT CORPORATION,2
PUDONG,CPMIEC SHANGHAI PUDONG COMPANY,2
SERVICES,"GOMEI AIR SERVICES CO., LTD.",1
SHIPPING,JUPITER SEAWAYS SHIPPING,1
GENERALE,PAIN VICTOIRE,22
NO,YU PHYONG 5,36
NAPOLI,NAVARZ,3
DEEP,DEEP SEA,8
OR,BELEMA LIGHT CRUDE,3
S,ENI S.P.A,2
SEA,SEA STAR III,5
S,A.S.P. BUILDERS,3
S,P.S. FAMILY LIMITED,2
POLYMER,TIVA POLYMER CO,3
POLYMER,ENGRO POLYMER & CHEMICALS LIMITED,3
"NUKE TRANSPORTES, LIMITADA",CONSTRUCTORA HLP,1
NATIONAL BANK LIMITED,NATIONAL BANK OF COMMONWEALTH CORP,1
RAJA,Sylvestre MUDACUMURA,2
HONGKONG,HongKong Tany Industrial Co Ltd,9
HONGKONG,GLOBE COMMUNICATION (HK) LTD.,1
SHANGHAI,"SHANGHAI QUANTUMCTEK CO., LTD.",2
SHANGHAI,"SHANGHAI NOVA INSTRUMENTS CO., LTD.",2
CHINA,CEC LIMITED,6
SHANGHAI,BOYLE CHEMICAL CO LTD,4
MALI,Mali,17
TAI,TAIPEN SA DE CV,1
KARIM,Mohammad Reza Lahaman KIRAM,2
KARIM,KIAZAND,1
BEN-AL,Amir Muhammad Sa'id Abdal-Rahman AL-MAWLA,1
SERVICES,TECHCARE SERVICES FZ LLC,1
DONG,DONG FENG 6,1
IMP,"WUHAN SANJIANG IMPORT AND EXPORT CO., LTD",4
TINCAN,MAHNAM,2
IS,ISIS-SOMALIA,2
IS,ISIS-EGYPT,2
SERVICES,SWISS MANAGEMENT SERVICES SARL,1
SERVICES,URANTIA SERVICES S.A.,1
TECH,BRILLIANCE TECHNOLOGY LTD,2
GENERAL,MASOMI GENERAL TRADING,2
GENERAL,MAYROW GENERAL TRADING,2
CARGO,PARTHIA CARGO LLC,2
INDUSTRIAL,SHANXI HEMU INDUSTRIAL CO LTD,5
AMMAR,Fethi Ben Rebai Ben Absha MNASRI,1
TAK,TEYREBAZEN AZADIYA KURDISTAN,1
BEN,Qasim AL-RIMI,1
GROUP,THE HANDLE GROUP COMPANY,3
GROUP,SHINE DRAGON GROUP LIMITED,1
GROUP,BLUE LAGOON GROUP LTD,1
GROUP,BAHMAN GROUP,2
LINE,GPS Line Co. Limited,4
LINE,Pacific Silver Line Limited,4
IS,Abdelkader Mahmoud ES SAYED,2
STAR,SEVEN STAR COMPANY,1
ENGINEERING,MEAMAR SARL,1
ENGINEERING,RASTAFANN ERTEBAT ENGINEERING COMPANY,1
ENGINEERING,FATER ENGINEERING INSTITUTE,1
ENGINEERING,GOLZA ENGINEERING COMPANY,1
ENGINEERING,SEPASAD ENGINEERING COMPANY,1
GLENCORE,GLENCORE ENERGY,2
ABDULLAH,Amir ABDULLAH,2
SULIMAN,Emrah ERDOGAN,1
SULIMAN,Said ARIF,1
ABDULLAH,Ahmed Hosni RARRBO,2
ABDULLAH,Youssef ABDAOUI,2
ABDULLAH,Ahmad ZERFAOUI,2
ABDULLAH,Mondher BAAZAOUI,2
ABDULLAH,Musa HILAL,2
ABDULLAH,Abdulla K. AL SULEIMANI,1
COMMERCIAL,EUROPAISCH-IRANISCHE HANDELSBANK AG,28
BANK,FOREIGN TRADE BANK OF THE DEMOCRATIC PEOPLE'S REPUBLIC OF KOREA,51
SOUTH,PETROCHEM SOUTH EAST LTD,2
SOUTH,SOUTH-EAST MOVEMENT,8
KOREA,KOREA COMPUTER CENTER,12
KOREA,KOREA UNGUM CORPORATION,2
KOREA,NAMCHONGANG TRADING CORPORATION,2
KOREA,KOREA ZUZAGBONG MARITIME LTD,2
KOREA,KOREA GENERAL CORPORATION FOR EXTERNAL CONSTRUCTION,4
KOREA,KOREA MYONGDOK SHIPPING CO,2
KOREA,KOREA SAMJONG SHIPPING CO,2
USA,BELNEFTEKHIM USA INC,2
USA,LA HACIENDA (USA) LLC,2
USA,AERO CONTINENTE (USA) INC,2
USA,MAGUS HOLDINGS USA CORP,2
REFINERY,RN-KOMSOMOLSKY REFINERY LLC,3
REFINERY,BANIAS REFINERY COMPANY,3
REFINERY,HOMS REFINERY COMPANY,3
REFINERY,COASTAL REFINERY COMPANY PRIVATE JSC,3
DEVELOPMENT,Novel Property and Development Ltd,2
INVESTMENT,Majope Investment Ltd,1
INVESTMENT,Enpat Investment Co Ltd,1
INVESTMENT,MOMENT INVESTMENT LIMITED,1
INVESTMENT,BUALI INVESTMENT COMPANY,1
INVESTMENT,THE LIMITED LIABILITY COMPANY INVESTMENT COMPANY ABROS,1
INVESTMENT,PARDIS INVESTMENT COMPANY,1
INVESTMENT,HAMIDCO INVESTMENT LIMITED,1
INVESTMENT,Ghazali Yakubu Investment Limited,1
INVESTMENT,TAKTAR INVESTMENT COMPANY,1
INVESTMENT,CHAPS INVESTMENT INC,1
INVESTMENT,INMOBILIUM INVESTMENT CORP.,1
INVESTMENT,REY INVESTMENT COMPANY,1
INVESTMENT,ARMED FORCES SOCIAL SECURITY INVESTMENT COMPANY,1
INVESTMENT,Sunbeam International Investment Corporation,1
INVESTMENT,TADBIR INVESTMENT COMPANY,1
INVESTMENT,MODABER,1
INVESTMENT,GHADIR INVESTMENT COMPANY,2
FUND,AL MASHREQ INVESTMENT FUND,7
LOGISTICS,PRIMORYE MARITIME LOGISTICS CO LTD,1
LLC,LIMITED LIABILITY COMPANY GARANT-SV,1
LOGISTICS,AIRBORNE LOGISTICS LLC,2
LOGISTICS,TEOFILA LOGISTICS,2
LOGISTICS,"INSTAR LODZHISTIKS, OOO",1
LOGISTICS,SEAJET COMPANY LIMITED,1
LOGISTICS,RISING LOGISTICS COMPANY LIMITED,1
LOGISTICS,HAT LOGISTICS SDN BHD,2
LOGISTICS,MUSHKO LOGISTICS PTE. LTD.,1
LOGISTICS,ELIRON LOGISTICS OY,2
LOGISTICS,SUKE LOGISTICS LTD,2
LLC,NORD PROJECT LLC TRANSPORT COMPANY,5
LLC,LLC SK CONSOL-STROI LTD,1
COMMUNICATIONS,"WUHAN MAILITE COMMUNICATION CO., LTD.",2
COMMUNICATIONS,STARS COMMUNICATIONS LTD,2
DEVELOPMENT,"GUILIN CHANGHAI DEVELOPMENT CO., LTD.",4
"AGRICULTURAL BANK OF CHINA, THE",BANK KESHAVARZI IRAN,55
INDUSTRIAL,Kingsonic Ind. Dev.,1
TECH,HONGBO INDUSTRIAL TECHNOLOGY,3
TECH,MICRO ELECTRONIC TECHNOLOGY,1
DEVELOPMENT,AL-AMER DEVELOPMENT AND REAL ESTATE INVESTMENT,6
INDUSTRIAL,BEHSHAHR INDUSTRIAL DEVELOPMENT CORP.,1
DEVELOPMENT,KOREA MINING DEVELOPMENT TRADING CORPORATION,1
ELECTRONIC,LANDA ARIYA ELECTRONIC CO.,2
ELECTRONIC,"DONGGUAN HUIQUN ELECTRONIC CO., LTD.",1
ELECTRONIC,NANJING GUOBO ELECTRONIC,1
ELECTRONIC,"XIAN SEMI ELECTRONIC CO., LTD.",1
ELECTRONIC,SARANSK ELECTRONIC COMPANY,1
ELECTRONIC,Tri Star Electronic Pte Ltd,1
ELECTRONIC,GOLDI ELECTRONICS SA,1
ELECTRONIC,ELECTRONIC COMPONENTS INDUSTRIES CO,1
WANG,HWANG GUM SAN 2,1
FINANCE,NAFA FINANCE SARL,2
FINANCE,LIMITED LIABILITY COMPANY SBERBANK FINANCIAL COMPANY,2
FINANCE,B-FINANCE LTD,2
FINANCE,DCB FINANCE LIMITED,12
FINANCE,SOLLERS-FINANCE LIMITED LIABILITY COMPANY,2
FINANCE,M FINANS,2
FINANCE,AP FINANCE LIMITED,2
FINANCE,MITSUBISHI FINANCE CORPORATION,2
FINANCE,GLENDOR FINANCE SA,2
ENTERPRISES,LORA ENTERPRISES LIMITED,1
ENTERPRISES,PIRUSETI ENTERPRISES LTD,1
ENTERPRISES,WESTLINE ENTERPRISES INC,1
SAI,SHAHID ALAMOLHODA INDUSTRIES,6
EUROPE,IRISL EUROPE GMBH,7
EUROPE,SBERBANK EUROPE AG,7
EUROPE,GARANTEX EUROPE OU,14
IN,AL-QA'IDA IN THE ARABIAN PENINSULA,19
EUROPE,ROOL EUROPE AG,7
OIL,LUKOIL OAO,3
OIL,PARS OIL CO.,3
OIL,BEHRAN OIL CO.,6
OIL,CLOSED JOINT STOCK COMPANY ENERGO-OIL,3
OIL,MANCO OIL COMPANY,3
OIL,PUBLIC JOINT STOCK COMPANY GAZPROM NEFT,3
OIL,Tecon Oil Services Limited,5
INTL,AC INTERNATIONAL,198
BANK,BANK OF BUSINESS WESTERN SAMOA,8
BANK,BANC OF OMAHA,8
BANK,CHARTER BANK OF USA INC,5
STEEL,WEMPCO STEEL MILLS COMPANY LIMITED,8
STEEL,PEOPLE'S STEEL MILLS LTD,5
EQUIPMENT,"JIUTIAN INTELLIGENT EQUIPMENT CO., LTD.",4
EQUIPMENT,"TIANJIN BROADCASTING EQUIPMENT CO., LTD.",5
EQUIPMENT,JIANGSU HNHB EQUIPMENT CO LTD,4
EQUIPMENT,ATLAS EQUIPMENT COMPANY LIMITED,6
MONEY,UNIMONI MONEY TRANSFER LIMITED,1
MONEY,FLEX MONEY TRANSFER LIMITED,1
MONEY,AMAL EXPRESS MONEY TRANSFER LIMITED,1
MONEY,SAKSOUK COMPANY FOR EXCHANGE AND MONEY TRANSFER,1
BANCO,BANCO DE VENEZUELA SA BANCO UNIVERSAL,1
OF,CHINA ACADEMY OF LAUNCH VEHICLE TECHNOLOGY,16
NO,WOORY STAR,17
N.A,Anders Cameroon Ostensvig DALE,4
UNITED,UNITED WORLD INTERNATIONAL,1
UNITED,UNITED INTERNATIONAL EXHIBITION COMPANY SARL,1
-}{5,FIVE ENERGY OIL TRADING,9
-}{5,5TH SHIPYARD,11
-}{5,STAR 18,10
-}{5,CHON MYONG 1,10
-}{5,MARIE DE LOURDES V,10
-}{5,BONU 5,10
-}{5,INKUORTYN FIVE SRL,9
-}{5,TONG HUNG 5,8
-}{5,KUM SONG 5,8
-}{5,COMPANIA GANADERA 5 MANANTIALES S DE PR DE RL,8
-}{5,KUDO-KAI,8
SALES,Touchstar International Sales Ltd,2
MARKETING,Pipelines and Products Marketing Company,3
HUB,OEM HUB CO LTD,2
ALI,Ali Hasan Ali AL-AJMI,1
ALI,Hassan Abdullah Hersi AL-TURKI,1
ALI,Al-Hasan ALI ALI ABKAR,1
ALI,Kamal AL-HASSAN,1
ALI,Ali Khatib Haji HASSAN,1
SECOND,SECOND ECONOMIC COMMITTEE,13
DEV,AGRICULTURAL DEVELOPMENT BANK,13
BANK,TOSEE TAAVON BANK,9
DEV,AMROGGANG DEVELOPMENT BANK,7
OIL,"GAZ-OIL, OOO",4
NAME,RA NAM 3,3
SUNRISE,MARIA III,15
FOODS,DUMEK AGRO ALLIED AND FOODS INDUSTRY LTD,2
THE,AL-JIHAD,2
THE,The Laiki Group,2
THE,The Synergy Group,2
GROUP,OOO VOLGA GROUP,1
THE,ASBAT AL-ANSAR,2
CAPITAL,CAPITAL S.A.L.,11
CAPITAL,Platinum Capital Limited,1
CAPITAL,SANAA CAPITAL LLC,1
CAPITAL,LIMITED LIABILITY COMPANY SBERBANK CAPITAL,1
CAPITAL,PROGLAN CAPITAL LTD,1
CAPITAL,OTKRITIE CAPITAL CYPRUS LIMITED,1
CAPITAL,OY LANGVIK CAPITAL LTD,1
CAPITAL,RYM CAPITAL CORPORATION SA DE CB SOFOM ENR Y O RYMCAPITAL LLC,1
CAPITAL,SEPTEM CAPITAL LIMITED LIABILITY COMPANY,1
CAPITAL,VENEDIG CAPITAL S.A.S.,1
CAPITAL,VTB CAPITAL HOLDINGS CLOSED JOINT STOCK COMPANY,1
BANK,SAMAN BANK,19
ORIENTAL,FELICITY,9
INTERNATIONAL,TEHRAN INTERNATIONAL TRANSPORT CO,1
HIGH,HIGH TECHNOLOGIES LTD,10
OF,INDUSTRIAL FACTORIES OF PRECISION (IFP) MACHINERY,2
INSTRUCTION,ENERGY ENGINEERS PROCUREMENT AND CONSTRUCTION,8
NEW,NEW AHMADI LTD,1
NEW,NEW ANSARI MONEY EXCHANGE,1
NEW,NEW ANSARI LTD,1
NEW,NEW STEP ENTERPRISE LIMITED,2
NEW,New Power Agro Company Limited,15
OIL,OIL INDUSTRY INVESTMENT COMPANY,2
TRADING,ROSNEFT TRADING S.A.,3
VE,SEKIRIN TEKSTIL ITHALAT IHRACAT LE VE DIS TICARET LIMITED SIRKETI,54
TICARET,PROFESYONELLER ELEKTRONIK,5
SANAYI,ETI ELEKTROTEKNIK SANAYI VE TICARET A S,2
VE,MACPAR MAKINA SAN VE TIC AS,4
MEDITERRANEAN,SAFIRAN PAYAM DARYA SHIPPING COMPANY,2
M3,MIZAN MACHINE MANUFACTURING GROUP,1
SUPPLY,Oando Supply and Trading Ltd,1
SUPPLY,Notore Supply and Trading Limited,1
L,Radi Abd El Samie Abou El Yazid EL AYASHI,3
AKHLAK AHMED SAYED,Hafiz Saeed KHAN,3
AKHLAK AHMED SAYED,Khalil Yusif HARB,3
INVESTMENT,AMIN INVESTMENT BANK,1
INVESTMENT,TOSE-E MELLI INVESTMENT COMPANY,1
INVESTMENT,Jordan Investment & Finance Bank,2
INVESTMENT,INVESTCAPITALBANK,1
STANDARD CHARTERED BANK,ATLANTIC STANDARD CHARTERED BANK & TRUST NA,66
BANKING,Clearstream Banking SA,7
HOUSE,GURGEN HOUSE FZCO,8
AS,AL RAHMAH WELFARE ORGANIZATION,19
AS,ABU SAYYAF GROUP,1
ORG,WAFA HUMANITARIAN ORGANIZATION,5
AS,MARTYRS FOUNDATION IN LEBANON,1
AS,AL-SALAH SOCIETY,5
ORG,RAHMAH CHARITABLE ORGANIZATION,1
INTERNATIONAL,TRADE POINT INTERNATIONAL SARL,5
BANK,BLUEGATE INDUSTRIAL BANK USA NA,4
FREEDOM,AMBER,4
ZHU,ZHUHAI ZHENRONG COMPANY LIMITED,1
HI,SEYED MOUSAVI TRADING,12
TECH,CORAD TECHNOLOGY LIMITED,2
KH,KATA'IB HIZBALLAH,5
INFORMATION,INFORMATION SYSTEMS IRAN,6
UNITED,JOINT STOCK COMPANY UNITED CREDIT BUREAU,5
LLC,LIMITED LIABILITY COMPANY MARKET FUND ADMINISTRATION,3
NEW,CHENGDU BEST NEW MATERIALS CO LTD,7
SHIPPINGCO,GUDZON SHIPPING CO LLC,2
SINGAPORE,STRAIT SHIPBROKERS PTE. LTD.,28
ABDUL,Aris SUMARSONO,1
ABDUL,Dawood IBRAHIM,2
ABDUL,Abdur REHMAN,1
ABDUL,Abdul Rahman Ahmad HOTTAK,1
ABDUL,Abd al-Muhsin AL-LIBI,5
ABDUL,Muhammad Jibril ABDUL RAHMAN,1
ABDUL,Abdul Rahman AGHA,1
ABDUL,Mohamad Iqbal ABDURRAHMAN,1
ABDUL,Abdullah Muhammad Rajab ABD AL-RAHMAN,1
ABDUL,Abd Al-Rahman AL-FAQIH,11
ABDUL,Mark John TAYLOR,1
ON,ORION STAR,2
DISTRIBUTIONS,LOTTERY DISTRIBUTIONS OOD,1
OF,CARTEL DE JALISCO NUEVA GENERACION,4
TRANSPORTATION,TARGET TRANSPORTATION LIMITED,2
TRANSPORTATION,DIMOND TRANSPORTATION LIMITED,2
TRANSPORTATION,MIRACLE TRANSPORTATION LIMITED,2
TRANSPORTATION,SPEED TRANSPORTATION LIMITED,2
TRANSPORTATION,DIAMOND TRANSPORTATION LIMITED,2
EXPORT,ROSE IMPORT-EXPORT GMBH,5
TRADE,IRAQI TRADE CENTER,13
TRADE,IRAN AIRCRAFT MANUFACTURING INDUSTRIAL COMPANY,13
TRADE,INVERSIONES PRADO TRADE CENTER LTDA.,2
FINANCE,Tropics Finance and Investment Company Limited,1
ISLAMIC,ISLAMIC REGIONAL COOPERATION BANK,2
ISLAMIC,AL-BILAD ISLAMIC BANK FOR INVESTMENT AND FINANCE P.S.C.,8
FOR,YOUSSER COMPANY FOR FINANCE AND INVESTMENT,1
FINANCE,Betsy Holding and Finance Limited,1
ISLAMIC,AL-AQSA ISLAMIC BANK,2
LIBERIA,GOLDEN FISH LIBERIA LTD,1
BANK,EGHTESAD NOVIN BANK,4
BANK,"VVB, PAO",5
BANK,TEMPBANK,4
FUND,STICHTING AL-AQSA,3
FUND,FORENINGEN AL-AQSA,3
FUND,AL-AQSA FOUNDATION,28
FUND,AL-AQSA E.V.,3
INDIA,ELEVEN EIGHTY EIGHT LIMITED,1
WESTERN UNION BUSINESS SOLUTIONS,WESTERN UNION,3
MALL,QASIOUN MALL,1
OIL,INDUSTRIAL UNITARY ENTERPRISE OIL BITUMEN PLANT,2
MEDICAL,MEDICAL EQUIPMENT AND DRUGS INTERNATIONAL CORPORATION,1
TIANJIN,SEMICONDUCTOR MANUFACTURING INTERNATIONAL (TIANJIN) CORPORATION,1
TIANJIN,CHINA COMMUNICATIONS CONSTRUCTION COMPANY TIANJIN WATERWAY BUREAU,1
TIANJIN,ROFS MICROSYSTEMS,1
TIANJIN,"TIANJIN 764 AVIONICS TECHNOLOGY CO., LTD.",1
TIANJIN,TIANJIN MICRO NANO MANUFACTURING (MNMT),1
TRADING,KOREA HEUNGJIN TRADING COMPANY,1
N,Ibrahim NASIR,1
AFRICA,AFRICAN GOLD REFINERY LIMITED,6
UNITED,UNITED WA STATE ARMY,1
STATE,JAMAAH ANSHARUT DAULAH,1
SEP,SAFETY EQUIPMENT PROCUREMENT COMPANY,2
TITO,Jorge NASSER ARANA,2
FOR,AL-INMAA GROUP FOR TOURISM WORKS LLC,1
GROUP,LIMITED LIABILITY COMPANY KASPIYSKAYA ENERGIYA ADMINISTRATION OFFICE,1
BANK,BANK OF NG N A,1
TECHNOLOGY,ADVANCED TECH SOLUTIONS,2
SOLUTIONS,CANDIRU,1
IS,IKS JOINT STOCK COMPANY,1
BEI,BUSINESS EMPIRE INTERNATIONAL,4
ABDU,Abdul AZIZ,2
AZIZ,Abdel Aziz RANTISI,2
ABDU,Mahmoud Mohammad Ahmed BAHAZIQ,2
D.S,D'S SUPERMARKET COMPANY LTD,2
XIANG,XINJIANG PRODUCTION AND CONSTRUCTION CORPS,1
"HENAN REBECCA HAIR PRODUCTS CO.,LTD",Henan Rebecca Hair Products Inc.,1
FARHAT,Muhammad 'Abd-Al-Hadi FARHAT,2
TRUST,TRUST LIFE INSURANCE COMPANY S.A.L.,1
TRUST,TRUST INSURANCE SAL,1
TRUST,MALIBU TRUST COMPANY,1
TRUST,JAR Realty Trust Inc.,1
TRUST,VIENNA TRUST CO LTD,1
TRUST,TRUST INSURANCE SERVICES SAL,1
THE,FIRST DIVISION OF THE SYRIAN ARAB ARMY,1
CREDIT BANK LIMITED,WESTERN CREDIT BANK LLC,17
CREDIT BANK LIMITED,JOINT-STOCK COMPANY COMMERCIAL BANK NORTH CREDIT,34
CREDIT BANK LIMITED,POPULAR CREDIT BANK,17
CREDIT BANK LIMITED,TANCHON COMMERCIAL BANK,17
CREDIT BANK LIMITED,CREDIT BANK OF THE AMERICAS INC,17
MACHINERY,ASCOTEC MINERAL & MACHINERY GMBH,1
DEVELOPMENT,VENTSPILS ATTISTIBAS AGENTURA,3
ASSOCIATION,PALESTINIAN ASSOCIATION IN AUSTRIA,5
INTL,SAKHTEMAN INTERNATIONAL DEVELOPMENT,5
INTERNATIONAL,AGR INTERNATIONAL LIMITED,1
CONSTRUCTION,"AL AMIR CO. FOR ENGINEERING, CONSTRUCTION AND GENERAL TRADE SARL",1
SUPPLY,ABLE SUPPLY CHAIN LIMITED,1
SUPPLY,RAZAVI SUPPLY CHAIN MANAGEMENT CO.,1
ENERGY,Energy Resources Group,12
RESOURCES,Cassey Lyns Resources Limited,9
RESOURCES,Ocean Tide Resources Ltd.,9
RESOURCES,COSMO RESOURCES PTE. LTD.,3
MRS SCIENTIFIC LTD,MRS GMBH,2
NO,CHINA ELECTRONICS TECHNOLOGY GROUP CORPORATION 38TH RESEARCH INSTITUTE (CETC 38),4
PRODUCTION,STATE CONCERN NATIONAL PRODUCTION AND AGRICULTURAL ASSOCIATION MASSANDRA,1
UNIVERSITY,AL-MUSTAFA INTERNATIONAL UNIVERSITY,2
TECH,SWELATEL TECHNOLOGY LIMITED,4
TICARET,ATLAS DOVIZ TICARETI AS,15
DE,Tarkhan Tayumurazovich BATIRASHVILI,6
WADGAON-BK,ABZAR BORESH KAVEH CO,3
WADGAON-BK,KAVEH CUTTING TOOLS COMPANY,3
JOSPEH,Junior Joel JOSEPH,1
AZAD,SHAHR E KORD,3
"SBT CO., LTD.",SBT S.A.,8
SHIPPING,HAFEZ DARYA ARYA SHIPPING COMPANY,9
MUSTAPHA,Djamel MOUSTFA,8
MUSTAPHA MOHAMMED,Mustafa Hajji Muhammad KHAN,1
MUSTAPHA,Ibrahim Abdul Razaaq MEMON,11
MUSTAPHA MOHAMMED,Mostafa MAHAMED,1
SCIENCE,CHINA AEROSPACE SCIENCE AND INDUSTRY CORPORATION (CASIC) 3RD ACADEMY,2
BANK,NORTH EAST ASIA BANK,1
ARE,INCOFF AEROSPACE S.R.O.,1
S,S-TROTTER,3
KATE,Katerina Vladimirovna TIKHONOVA,1
UNIVERSITY OF,EASTERN MEDITERRANEAN UNIVERSITY,2
UNIVERSITY OF,HUNAN UNIVERSITY,2
UNIVERSITY OF,IMAM HOSSEIN UNIVERSITY,72
IMP,Xiamen Zhongxinlong Imp. & Exp. Co. Ltd.,3
THE,BEHTA,2
INTERNATIONAL,INTERNATIONAL BUSINESS BANK CORPORATION LTD,1
BANK,SMP BANK,8
BAR,CAMELIAS BAR SA DE CV,1
PASS,PARS AVIATION SERVICES COMPANY,1
R,Ata Abdoulaziz RASHID,1
PLUS,EMMA TEL PLUS LLC,1
PLUS,AMANA PLUS S.A.L.,1
PLUS,PETROPLUS LTD,1
PLUS,TELESERVE PLUS SAL,1
ALLIANCE GINNERIES,ALLIANCE EG LTD,2
CONSTRUCTION,REYNOLDS CONSTRUCTION COMPANY NIGERIA LIMITED,1
CONSTRUCTION,ONYX CONSTRUCTION COMPANY,1
CONSTRUCTION,NAMGANG CONSTRUCTION,1
CONSTRUCTION,A Group Construction Co Ltd,1
CONSTRUCTION,P.B. SADR CO.,1
CONSTRUCTION,ZURMAT CONSTRUCTION COMPANY,1
MOVEMENT,HARAKAT AL-NUJABA,11
INS,FIRST STANDARD INSURANCE BROKER LIMITED,16
MOVEMENT,HARAKAT AL-SABIREEN,20
INTERNATIONAL,Meridian Procurement International Services Ltd,1
NEW,HUAWEI TECHNOLOGIES (NEW ZEALAND) COMPANY LIMITED,2
MINING,WANBAO MINING LTD,8
MINING,DGI MINING LTD,8
COMMODITIES,GOLDEN COMMODITIES LLC,3
R,B R C S.A.,3
YUSUF,'Abd al-Rahman Khalaf 'Ubayd Juday' AL-'ANIZI,6
INSTITUTE,ALL-RUSSIAN SCIENTIFIC RESEARCH INSTITUTE OF EXPERIMENTAL PHYSICS (VNIIEF),2
INSTITUTE,ALL-RUSSIAN SCIENTIFIC RESEARCH INSTITUTE OF TECHNICAL PHYSICS (VNIITF),2
INSTITUTE,JSC V. TIKHOMIROV SCIENTIFIC RESEARCH INSTITUTE OF INSTRUMENT DESIGN,2
INSTITUTE,JSC SCIENTIFIC RESEARCH INSTITUTE OF AIRCRAFT EQUIPMENT (NIIAO),2
DE,LA EMPRESA CUBANA DE FLETES,1
FOREIGN,KOREA FOREIGN TECHNICAL TRADE CENTER,4
FOREIGN,Anhui Welcome Foreign Trade Co.,4
FOREIGN,Zhejiang Longquan Foreign Trade Co.,4
FOREIGN,FOREIGN TRADE ASSOCIATION MASHPRIBORINTORG,4
2022.2,Slavko ROGULJIC,4
BUSINESS,BUSINESS DIVERSITY LIMITED,2
BUSINESS,JOINT STOCK COMPANY BUSINESS ENVIRONMENT,2
BUSINESS,ADJUSTMENT BUSINESS CORP,2
AL-NOUR,Mohammed NUR,2
AL-NOUR,Aschraf AL-DAGMA,2
AL-NOUR,AL NOUR RADIO,2
AL-NOUR,NOUR HOLDING SAL,2
TO,CHONG RIM 2,1
PARK,Ho Kyu KIM,2
METROPOLITAN BANK LIMITED,METROBANK INTERNATIONAL LIMITED,4
FOREIGN,REDIN EXCHANGE,1
EL,Ayadi Chafiq BIN MUHAMMAD,1
EL,ANSAR AL-DINE,1
EL,JAMA'AT NUSRAT AL-ISLAM WAL-MUSLIMIN,10
EL,HURRAS AL-DIN,1
EL,Mahfouz Ould AL-WALID,1
HDS,DHAMAT HOUMET DAAWA SALAFIA,2
NIGERIA,Hardel & Enic (Nigeria),1
"KABIRU OLUWASEUN MOHAMMED,44B,",Mohammed BENHAMMEDI,5
"KABIRU OLUWASEUN MOHAMMED,44B,",Abdulbaqi Mohammed KHALED,1
AL-NOUR,Dr Ayman AL ZAWAHIRI,1
AJAYI,Josephine A. Ajayi,2
SCOTT,SYRIAN COMPANY FOR OIL TRANSPORT,1
AGRO,AGRO XPO S.A.S.,15
MUSA,Mousa Mohammed ABU MARZOOK,1
NO,CHINA AEROSPACE SCIENCE AND TECHNOLOGY CORPORATION (CASC) 8TH ACADEMY,6
AS,Suhayl Hasan AL-HASAN,12
LOYAL,HAPPINESS I,2
MACHINE,MACHINE SAZI ARAK CO. LTD.,4
ACCESSORIES,HETIAN HAOLIN HAIR ACCESSORIES CO. LTD.,2
LOS,BELTRAN LEYVA ORGANIZATION,1
INTERNATIONAL,EMAXON FINANCE INTERNATIONAL INC.,3
ITHALAT,ACL ITHALAT IHRACAT,1
H,Farhad Kanabi AHMAD,1
EXPRESS,ALALAMIYAH EXPRESS COMPANY FOR EXCHANGE AND REMITTANCE,4
EXPRESS,SYNERGY EXPRESS LTD.,2
EXPRESS,SIGNET EXPRESS CO LTD,2
TECHNOLOGY,WUHAN IRCEN TECHNOLOGY,1
TECHNOLOGY,QIHOO 360 TECHNOLOGY COMPANY,1
TECHNOLOGY,CENTER FOR INNOVATION AND TECHNOLOGY COOPERATION,1
SALAHUDDIN,Isnilon Totoni HAPILON,1
SALAHUDDIN,Bahawal KHAN,1
MACHINERY,JADE MACHINERY PVT. LTD.,3
BANK,KORYO BANK,1
LAGOS-IBADAN,IBADAN LTDA.,6
SCRATCH,Luis Hernando GOMEZ BUSTAMANTE,1
DUBAI,AFAQ DUBAI,2
ADVANCED,AKTSIONERNOE OBSHCHESTVO AST,1
LEONARDO BUJAICO,AQUA,1
CRYSTAL,ARK,3
MAK,MAKHTAB AL-KHIDAMAT/AL KIFAH,3
ELECTRONICS,MAHDI ELECTRONICS,1
HOLDING,'WOLF' HOLDING OF SECURITY STRUCTURES,1
TECH,EASTLINE TECHNOLOGIES OU,2
PARK,PARS PETROCHEMICAL COMPANY,6
DE,LAMBERTUS DE BOER,15
INFINITY,DINO I,3
ABUBAKAR,Aslan Avgazarovich BYUTUKAEV,6
O,Omar Awadh OMAR,1
O,Omar Mahmoud UTHMAN,2
O,Ahmed DIRIYE,1
O,Omar DIABY,1
O,Olayinka Sanni,2
ADEPEJU,ADEPEJU AJIBOLA,2
EXPORT,ENDSHIRE EXPORT MARKETING,1
FZ,ABENSA FZ LLC,1
MARKETING,FESTSCO MARKETING SDN BHD,1
GROUP,DJECO GROUP HOLDING LTD,3
TUN,UN RYUL,5
IMPORT,SBK IMPORT SAC,2
PSB,PROMSVYAZBANK PUBLIC JOINT STOCK COMPANY,2
FUAN SHEI WEI ELECTRO MECHANICAL,Fuan Shenwei Electro Mechanical Co. Ltd,2
CORP,JI SONG 6,1
CORP,HAP JANG GANG 6,1
S,CYBERINN PTE LTD,2
CURTISBONE ENTERPRISES,CURTISBONE ENTERPRISES,4
NARRATION,UTAIR AVIATION JSC,5
AIRLINE,KISH AIRLINES,5
INTERNATIONAL,PREMIER INTERNATIONAL,2
INTERNATIONAL,INTERNATIONAL ANTICRISIS CENTER,1
NORD,OT-2077,4
IMPORT,ALBRECHT IMPORT-EXPORT,1
TALEB,Rachid FETTAR,3
ALI,ABDALLAH AZZAM BRIGADES,3
ALI,Habib WADDANI,3
STOCK,JSB SOBINBANK,1
TWO,JON JIN 2,20
SHIPPINGLINES,SENAT SHIPPING LIMITED,6
MINES,MOKU MINES D'OR SA,1
GOLD,MEROE GOLD CO. LTD.,1
GOLD,NORD GOLD PLC,4
GOLD,GOETZ GOLD LLC,1
UNIV,SOUTHERN UNIVERSITY OF SCIENCE AND TECHNOLOGY,2
ISMAILA,Eddie ALEONG,1
INTL,INTERNATIONAL DIAMOND INDUSTRIES,1
INTL,ALL INDUSTRIAL INTERNATIONAL,1
FAROUK,Muhammad FARRUKH,1
DALHATU,Muhammad FAROOQ,1
BANK FOR INTERNATIONAL SETTLEMENTS,"TSMRBANK, OOO",10
BELLA,BELLA,2
LEVERAGE TRANSIT LIMITED,"LEVERAGE, S.A.",1
NO,99TH LIGHT INFANTRY DIVISION OF THE BURMESE ARMY,6
AS,ANSAR AL-SHARI'A IN BENGHAZI,2
ENGINEERING,HYDEL ENGINEERING PRODUCTS,1
FIDELITY,COMMERCIAL FIDELITY BANK LTD,12
"ANGLIA RUSKIN UNIVERSITY, BISHOP",BALITA,5
MIRA,MOVEMENT FOR ISLAMIC REFORM IN ARABIA,2
ADLER,Serhii Anatoliyovych ZDRILIUK,1
SHI,Min SHI,1
OLYMPIA,OLYMPIA,5
NO,AMANA FUEL CO.,1
PENSION,KALA PENSION TRUST LIMITED,4
LUCKY,LUCKY STAR,1
SYSTEM,CYLINDER SYSTEM L.T.D.,2
CENTER,SHEIKH BAHA'I SCIENCE AND TECHNOLOGY RESEARCH CENTER,2
PLAZA,PROMOTORA TURISTICA SOL PLAZA SA,9
SYSTEMS,EntrePoint Systems Ltd,1
SYSTEMS,Meridian Health Systems PC,1
SYSTEMS,MONEYGRAM PAYMENT SYSTEMS INC,1
SYSTEMS,INCORPORATED ELECTRONICS SYSTEMS,1
SYSTEMS,MARINE SYSTEMS PVT. LTD.,1
SYSTEMS,FUTURE SYSTEMS PVT LTD,1
AISHATU,Ahmed Khalfan GHAILANI,3
YASMIN,Sheik Ahmed Ismail YASSIN,1
JOHN,Evans Jonathan,7
NETWORKS,VEE NETWORKS LTD,1
NETWORKS,TOGA NETWORKS,1
BANQUE DE COMMERCE ET DE PLACEMENTS,BANQUE DE COMMERCE ET DE PLACEMENTS (SWITZERLAND),8
A,A LEIB LTD,2
ETSYRIAN MILITARY INTELLIGENCE BRANCH 227,AL MINTAQA BRANCH,1
DEVON,DEVON,4
INTERNATIONALTAIBAH INTERNATIONAL,BOSNIA BRANCH,1
SERVICES,DIVETECHNOSERVICES,5
OBOHIA ENTERPRISES,OBOHIA ENTERPRISES,2
DANIEL,DANIEL,1
PROSPECT,SMP SEVERODVINSK,1
K,K. Harjani Electronics Ltd.,3
BILAL,Kamel DJERMANE,5
BILAL,Lionel DUMONT,1
CABLE,"ZHONGTIAN TECHNOLOGY SUBMARINE CABLE CO., LTD.",1
BRICKELL,1425 BRICKELL AVENUE 64E LLC,2
PI,PI RUY GANG,1
CITY,CITY CENTRE FOREIGN EXCHANGE BUREAU,6
BANI,BAHJAT,1
VENTURES,GREAT MADOH VENTURES LIMITED,4
TEXTILES,JETLINK TEXTILES TRADING,1
RIA,Ria,3
RIA,RIA,3
ZINC,ZINC,3
FINANCEREVOLUTIONARY ARMED FORCES OF COLOMBIA,PEOPLE'S ARMY,1
PRODUCTION,ARZAM SCIENTIFIC PRODUCTION ENTERPRISE TEMP AVIA,2
PRODUCTION,JOINT STOCK COMPANY NORTHERN PRODUCTION ASSOCIATION ARKTIKA,2
PRODUCTION,JOINT STOCK COMPANY PRODUCTION ASSOCIATION NORTHERN MACHINE-BUILDING ENTERPRISE,2
T,TIZ PARS,3
T,T E G LIMITED,3
T,T-RUBBER CO LTD,3
CEMENT,ZARIN RAFSANJAN CEMENT COMPANY,3
CEMENT,SHOMAL CEMENT COMPANY,3
PPL,PETROPARS LTD.,3
SALAAM,ELECTRO SANAM COMPANY,1
STOCK,JSC ANGSTREM-T,1
GLORY,SOLAN,2
CREEK,CK INTERNATIONAL LTD,2
DE,LA COMPANIA GENERAL DE NIQUEL,12
CHANG,O UN CHONG NYON HO,2
YOUSSEF,YOUSEF,1
YOUSSEF,Cherif Said BEN ABDELHAKIM,1
NIGERIA,Channel IT Nigeria Ltd,1
MARIA MACARIOUS ENTERPRISE,MARIA E,1
LLC,IZHEVSK UNMANNED SYSTEMS RESEARCH AND PRODUCTION ASSOCIATED LIMITED LIABILITY COMPANY,3
DISTRIBUTION,GOLFRATE HOLDINGS (ANGOLA) LDA,1
MANAGEMENT,Copex Management Service,1
MANAGEMENT,Consumer Realty & Management,1
DUBAI,BLOTO INTERNATIONAL COMPANY,1
ESTONIA,Estonia,3
ZGHAL SALIM,PARISAN,1
ZGHAL SALIM,SALIM S.A.,1
ENTERPRISE,Gain Profits Enterprise Limited,1
ENTERPRISE,"BELLOSOM ENTERPRISE, INC.",1
SERVICE,INDUSTRIAL-COMMERCIAL PRIVATE UNITARY ENTERPRISE MINOTOR-SERVICE,1
INDUSTRY,MTTO INDUSTRY AND TRADE LIMITED,1
INDUSTRY,TEREAL INDUSTRY AND TRADE LIMITED,1
EXPORT,MOBILE ZONE INTERNATIONAL IMPORT-EXPORT S.R.L.,5
GIDTECH VENTURES,GIDTECH VENTURES,1
COOPERATIVE,AGRICULTURAL COOPERATIVE BANK,12
ALLIED,UCB ARCADE,3
ALLIED,ALLIED TRADING CO,3
ALLIED,ALLIED OVERSEAS TRADING CO INC,3
AT,ABRIS-TECHNOLOGY,3
IRE,INDIAN RARE EARTHS,1
OLUFEMI,Jerome O. Adekunle,1
NO,CHINA ELECTRONICS TECHNOLOGY GROUP CORPORATION 29 (CETC 29) RESEARCH INSTITUTE,1
SHIPPING,JOINT STOCK COMPANY NORTHERN SHIPPING COMPANY,2
O,S.O. Folarin,3
MALOUCHE MOHAMED AYMEN,Mohammad Aman AKHUND,1
COMPANY,AL-OMGY AND BROTHERS MONEY EXCHANGE,1
GPP,GP-21,1
LLC,LLC VEB SERVICE,2
FAKAYODE ABIOLA TOLULOPE.,Abiola Ayorinde KAYODE,1
AMERICAN,AM TRADE INTERNATIONAL BANK,1
OLALEKE,Monday O. Taiwo,2
THE TONYXTAL VENTURES,THE TONYXTAL VENTURES,3
SALE,Abdullah Ahmed ABDULLAH,2
MATERIALS,CHINA NATIONAL SCIENTIFIC INSTRUMENTS AND MATERIALS (CNSIM),2
HASSANE,Ramzi Mohammed Abdullah BINALSHIBH,1
ERNEST,Ernest Dio,1
SALEH MUHAMMED UMAR,Saleh Mohammad KAKAR,1
CHINA-ASE,ASRE SANAT ESHRAGH COMPANY,2
BECHIR,Qari Ayyub BASHIR,1
BECHIR,Ali KONY,1
BECHIR,Abu Bakar BA'ASYIR,1
ADAM,Maulawi Adam Khan ACHEKZAI,1
TRADING,SUNGNISAN TRADING CORPORATION,1
MANUFACTURING,SCAVENGER MANUFACTURING (PTY) LTD,3
MANUFACTURING,SUPERIOR METAL MANUFACTURING COMPANY LIMITED,3
ALCO,BEIJING ALITE TECHNOLOGIES CO LTD,1
DIST,Aracar Distribution SA,1
DIST,LIMITED LIABILITY COMPANY SBERBANK FACTORING,1
VICTORY,HORSE,6
VICTORY,ANASTASIIA,2
TECHNOLOGY,"HISILICON TECH (SUZHOU) CO., LTD.",1
CHUN,PU HUNG 1,1
YUSUF JEGA ABBAS,Ali Abbas Usman JEGA,1
MANUFACTURING,"QUICKSILVER MANUFACTURING, INC.",3
REP,MSN 164,1
TEL,EMMA TEL LLC,15
INFO,INFOTEC,1
OTHMANE,Redendo Cain DELLOSA,2
S,Su-Kwang KIM,4
BANCO,"BANCO INTERNACIONAL DE DESARROLLO, C.A.",1
EL,Saifi AMMARI,1
DEPARTMENT,SHAHID BAKERI INDUSTRIAL GROUP,2
AI,ARMAMENT INDUSTRIES GROUP,1
BIMA,SAM JONG 2,1
CORPORATION,ASCOTEC JAPAN K.K.,4
CORPORATION,CORAD TECHNOLOGY JAPAN K.K.,4
CORPORATION,HUAWEI TECHNOLOGIES JAPAN K.K.,4
MME,MAJIDCO MICRO ELECTRONICS,3
MME,MACHINERY MASTER ENTERPRISES,1
FOODS,LAMA FOODS SARL,4
FOODS,CHIHUAHUA FOODS S A DE C V,4
SAAD,Muhsin AL-FADHLI,2
ALL,AL FURQAN,2
NET2PHONE INC.,Net2Phone Inc.,3
CANAL PLUS GUINEE SA,CABLES NACIONALES S.A.,1
UNIVERSITY,GUANGDONG UNIVERSITY OF TECHNOLOGY,8
UNIVERSITY,BAQIYATTALLAH UNIVERSITY OF MEDICAL SCIENCES,7
UNIVERSITY,MALEK ASHTAR UNIVERSITY OF TECHNOLOGY,6
HOUSING,MILITARY HOUSING ESTABLISHMENT,1
OF,Gardians of Peace,2
STEEL,KHAZAR STEEL CO.,2
BUENOS,BUENOS AIRES SERVICIOS SA DE CV,2
METAL,Pioneer Metal Products Company Plc,1
SAHARA ENERGY RESOURCE LIMITED,SAHARA ENERGY RESOURCE NIGERIA LTD,2
FRANCE,AEROTECHNIC FRANCE SAS,1
OFFSHORE,LABICO SAL OFFSHORE,1
REC,AFRICO 1 OFF-SHORE SAL,1
SHEHU,Abubakar Mohammed SHEKAU,2
BUSINESS,Elomy Business Ventures PHC,2
PARTS,QPS LTD,1
DU,JAISH-I-MOHAMMED,2
PRODUCT,Sunnex Product Ltd.,4
YOUR,UR-CKF,2
YOUR,UR-CJW,2
THE,ZARDIS,2
CLOVER,BEHDAD,1
SHANGHAI,CHINA COMMUNICATIONS CONSTRUCTION COMPANY SHANGHAI WATERWAY BUREAU,1
PKO BANK POLSKI SA,PKO BANK POLSKI SA,1
EMIRATES,EMIRATES ALLOYS,2
MARINE,GHESHM SHIPPING LINES MARINE AND ENGINEERING SERVICES CO,2
DAOUD,Mohammad Daoud MUZZAMIL,2
EL,Hassan Hassan EL HAJJ,1
HABIB,Husayn Al-Salihin Salih AL-SHA'IRI,1
GOLDEN,GOLDEN BUSINESS FZE,1
AMINA TOGO SARL,AMINA,2
INT,BOQUR INTERNATIONAL LTD.,2
PHARMA,ANUH PHARMA LIMITED,2
PHARMA,CITY PHARMA SARL,2
DAS,Nessim Ben Romdhane SAHRAOUI,2
WEST,West Africa Household Utilities Mfg. Co,1
INTERNATIONAL COMMERCIAL BANK LTD.,RASON INTERNATIONAL COMMERCIAL BANK,12
F,F. I. ONWADIKE AND CO LTD,1
NCPC INTERNATIONAL CORP,NPC INTERNATIONAL,1
CONSULTANTS,NORTHSTAR TRADING CORPORATION,2
CONSULTANTS,TELEFOCUS CONSULTANTS INC,2
AL-GHAMDI,Othman AL-GHAMDI,4
THE,SARVIN,1
THE,CHINA AEROSPACE SCIENCE AND TECHNOLOGY CORPORATION (CASC) 1ST ACADEMY 12 RESEARCH INSTITUTE,1
NCC,NATIONAL CYBERSPACE CENTER,2
Maria,MARIANA,1
PARQUE,GRUPO IMPERGOZA SA DE CV,1
LAS,SERVICIOS CHULAVISTA SA DE CV,1
IAO,IRAN AVIATION INDUSTRIES ORGANIZATION,1
"M E M TRANSPORTES, LDA",MINES AND METALS ENGINEERING GMBH,2
ISTANBUL,GOLSAD ISTANBUL TRADING,1
SALE,Kamel Ben Mouldi Ben Hassan HAMRAOUI,1
US,Tiles R Us Limited,1
CHANG-AN,HUA FU,2
IND,S&D INDUSTRY LTD.,3
MALTEPE,Ramadan ABDALLAH,1
104640,Rifa'i Ahmad Taha MUSA,1
CREDITANSTALT,CREDITANSTALT AG,1
TO,PLANET 2 REACHING INC,1
AR.VE,SHAZAND PETROCHEMICAL COMPANY,1
GROUPE SAHEL,SAHEL CONSULTANT ENGINEERS,1
E,EP-LDA,2
RCB,RYUGYONG COMMERCIAL BANK,4
CHERRY,Luo JIE,4
FOREST,FOREST,2
OMARI,Dieudonne OZIA MAZIO,2
MAMADOU,Amadou KOUFFA,1
LINK,FASTLINK SARL,1
ORT,TAMILS REHABILITATION ORGANISATION,1
CAPITAL,CITY PLAZA SOCIEDAD ANOMINA DE CAPITAL VARIABLE,2
TRADING,THE TEMPEST TRADING COMPANY,1
OF,GENAVA 12,1
VISSTA,VISTA,1
MISR,AJNAD MISR,1
ARE,ARTAVIL,1
REB,REAL ESTATE BANK,1
LC,LIMITED LIABILITY COMPANY ACTIVE BUSINESS CONSULT,1
NONFERROUS,XINJIANG EAST HOPE NONFERROUS METALS CO,1
PACKAGING,WAHUM Packaging Limited,3
345.75.1,Nur Al-Din AL-DIBISKI,1
US.AS,"US PROTOTYPE, INC.",1
FOR,46TH TSNII CENTRAL SCIENTIFIC RESEARCH INSTITUTE,1
SAMI,STATE AUTHORITY FOR MILITARY INDUSTRY OF THE REPUBLIC OF BELARUS,1
ELIAS,Mohamed Amine AKLI,1
